Product Page_url,Product Image_url,Image_Large,Product Name,Product Title,Product Listing Title,Brand,Catalog Number,Model/Part Number,Base Unit of Measure,Family,Series,Heating Capacity,Heating Efficiency,Configuration,Blower Size,Gas Stages,Blower Type,Product Voltage,Product Depth,Product Width,Product Height,Gross Weight,Type,Energy Star Certified,Low Nox
https://www.lennoxpros.com/el297uh045xe36b-45btuh3t/p/24X60,https://images.lennoxpros.com/is/image/LennoxIntl/24X60?$product_related$,https://images.lennoxpros.com/is/image/LennoxIntl/24X60,Lennox EL297UH045XE36B Furnace,"Lennox Elite EL297UHE, EL297UH045XE36B, 97% AFUE, 44000 BTU, 3 Ton, 2 Stage, Constant Torque Upflow/Horizontal Low Nox Gas Furnace",Lennox EL297UH045XE36B 2 Stage Furance,Lennox,24X60,EL297UH045XE36B,Unit(S),EL297UHE,Elite,44000 Btuh,97% AFUE,Upflow/Horizontal,3 Ton,2 Stage,Constant Torque,115 VAC 1 Ph 60 Hz,27.75 Inch,17.5 Inch,33 Inch,129 lbs.,2-Stage Constant Torque Horizontal Gas Furnace,Yes,Low Nox
https://www.lennoxpros.com/el297uh110xv60c110btuh5ton/p/24X54,https://images.lennoxpros.com/is/image/LennoxIntl/24X54?$product_related$,https://images.lennoxpros.com/is/image/LennoxIntl/24X54,Lennox EL297UH110XV60C Furnace,"Lennox Elite EL297UHV, EL297UH110XV60C, 97% AFUE, 110000 BTU, 5 Ton, 2 Stage, Variable Speed Upflow/Horizontal Gas Furnace",Lennox EL297UH110XV60C 2 Stage Furance,Lennox,24X54,EL297UH110XV60C,Unit(S),EL297UHV,Elite,110000 Btuh,97% AFUE,Upflow/Horizontal,5 Ton,2 Stage,Variable Speed,115 VAC 1 Ph 60 Hz,27.75 Inch,21 Inch,33 Inch,175 lbs.,2-Stage Variable Speed Horizontal Gas Furnace,Yes,Low Nox
https://www.lennoxpros.com/slp99df110xv60c-gas-furnace-110btuh-5ton/p/19A46,https://images.lennoxpros.com/is/image/LennoxIntl/19A46?$product_related$,https://images.lennoxpros.com/is/image/LennoxIntl/19A46,Lennox SLP99DF110XV60C Furnace,"Lennox DLSC SLP99V, SLP99DF110XV60C, 97.5% AFUE, 110000 BTU, 4-5 Ton, Modulating, Variable Speed Downflow Gas Furnace",Lennox SLP99DF110XV60C Modulating Furance,Lennox,19A46,SLP99DF110XV60C,Unit(S),SLP99V,DLSC,110000 Btuh,97.5% AFUE,Downflow,4-5 Ton,Modulating,Variable Speed,115 VAC 1 Ph 60 Hz,29.25 Inch,21 Inch,33 Inch,175 lbs.,,Yes,Low NOx
https://www.lennoxpros.com/el297df090xv60c-90btuh5ton/p/24X58,https://images.lennoxpros.com/is/image/LennoxIntl/24X58?$product_related$,https://images.lennoxpros.com/is/image/LennoxIntl/24X58,Lennox EL297DF090XV60C Furnace,"Lennox Elite EL297DFV, EL297DF090XV60C, 97% AFUE, 88000 BTU, 5 Ton, 2 Stage, Variable Speed Downflow Gas Furnace",Lennox EL297DF090XV60C 2 Stage Furance,Lennox,24X58,EL297DF090XV60C,Unit(S),EL297DFV,Elite,88000 Btuh,97% AFUE,Downflow,5 Ton,2 Stage,Variable Speed,115 VAC 1 Ph 60 Hz,27.75 Inch,21 Inch,33 Inch,166 lbs.,2-Stage Variable Speed Downflow Gas Furnace,Yes,Low Nox
https://www.lennoxpros.com/slp98df090xv48c-furnace-gas-90btuh-4t/p/62W84,https://images.lennoxpros.com/is/image/LennoxIntl/62W84?$product_related$,https://images.lennoxpros.com/is/image/LennoxIntl/62W84,Lennox SLP98DF090XV48C Furnace,"Lennox DLSC SLP98DF, SLP98DF090XV48C, 98.7% AFUE, 88000 BTU, 4 Ton, Modulating, Variable Speed Downflow Gas Furnace",Lennox SLP98DF090XV48C Modulating Furance,Lennox,62W84,SLP98DF090XV48C,Unit(S),SLP98DF,DLSC,88000 Btuh,98.7% AFUE,Downflow,4 Ton,Modulating,Variable Speed,115 VAC 1 Ph 60 Hz,27.75 Inch,21 Inch,33 Inch,163 lbs.,,Yes,Low NOx
https://www.lennoxpros.com/sl297uh040nv36b-97afue-ultra-low-nox-gas-furnace-3-ton/p/15Y74,https://images.lennoxpros.com/is/image/LennoxIntl/15Y74?$product_related$,https://images.lennoxpros.com/is/image/LennoxIntl/15Y74,Lennox SL297UH040NV36B Furnace,"Lennox DLSC SL297NV, SL297UH040NV36B, 97.5% AFUE, 40000 BTU, 3 Ton, 2 Stage Heat, Variable Speed Upflow/Horizontal Gas Furnace",Lennox SL297UH040NV36B 2 Stage Heat Furance,Lennox,15Y74,SL297UH040NV36B,Unit(S),SL297NV,DLSC,40000 Btuh,97.5% AFUE,Upflow/Horizontal,3 Ton,2 Stage Heat,Variable Speed,115 VAC 1 Ph 60 Hz,27.75 Inch,17.5 Inch,33 Inch,125 lbs.,,Yes,Ultra-Low NOx
https://www.lennoxpros.com/el297df110xv60c-110btuh5ton/p/24X59,https://images.lennoxpros.com/is/image/LennoxIntl/24X59?$product_related$,https://images.lennoxpros.com/is/image/LennoxIntl/24X59,Lennox EL297DF110XV60C Furnace,"Lennox Elite EL297DFV, EL297DF110XV60C, 97% AFUE, 110000 BTU, 5 Ton, 2 Stage, Variable Speed Downflow Gas Furnace",Lennox EL297DF110XV60C 2 Stage Furance,Lennox,24X59,EL297DF110XV60C,Unit(S),EL297DFV,Elite,110000 Btuh,97% AFUE,Downflow,5 Ton,2 Stage,Variable Speed,115 VAC 1 Ph 60 Hz,27.75 Inch,21 Inch,33 Inch,176 lbs.,2-Stage Variable Speed Downflow Gas Furnace,Yes,Low Nox
https://www.lennoxpros.com/slp98df090xv60c-furnace-gas-90btuh-5t/p/62W85,https://images.lennoxpros.com/is/image/LennoxIntl/62W85?$product_related$,https://images.lennoxpros.com/is/image/LennoxIntl/62W85,Lennox SLP98DF090XV60C Furnace,"Lennox DLSC SLP98V, SLP98DF090XV60C, 98.7% AFUE, 88000 BTU, 5 Ton, Modulating, Variable Speed Downflow Gas Furnace",Lennox SLP98DF090XV60C Modulating Furance,Lennox,62W85,SLP98DF090XV60C,Unit(S),SLP98V,DLSC,88000 Btuh,98.7% AFUE,Downflow,5 Ton,Modulating,Variable Speed,115 VAC 1 Ph 60 Hz,27.75 Inch,21 Inch,33 Inch,165 lbs.,,Yes,Low NOx
https://www.lennoxpros.com/el297uh090xv60c-90btuh5ton/p/24X69,https://images.lennoxpros.com/is/image/LennoxIntl/24X69?$product_related$,https://images.lennoxpros.com/is/image/LennoxIntl/24X69,Lennox EL297UH090XV60C Furnace,"Lennox Elite EL297UHV, EL297UH090XV60C, 97% AFUE, 88000 BTU, 5 Ton, 2 Stage, Variable Speed Upflow/Horizontal Gas Furnace",Lennox EL297UH090XV60C 2 Stage Furance,Lennox,24X69,EL297UH090XV60C,Unit(S),EL297UHV,Elite,88000 Btuh,97% AFUE,Upflow/Horizontal,5 Ton,2 Stage,Variable Speed,115 VAC 1 Ph 60 Hz,27.75 Inch,21 Inch,33 Inch,155 lbs.,2-Stage Variable Speed Horizontal Gas Furnace,Yes,Low Nox
https://www.lennoxpros.com/el297uh135xv60d135btuh5ton/p/24X55,https://images.lennoxpros.com/is/image/LennoxIntl/24X55?$product_related$,https://images.lennoxpros.com/is/image/LennoxIntl/24X55,Lennox EL297UH135XV60D Furnace,"Lennox Elite EL297UHV, EL297UH135XV60D, 97% AFUE, 132000 BTU, 5 Ton, 2 Stage, Variable Speed Upflow/Horizontal Gas Furnace",Lennox EL297UH135XV60D 2 Stage Furance,Lennox,24X55,EL297UH135XV60D,Unit(S),EL297UHV,Elite,132000 Btuh,97% AFUE,Upflow/Horizontal,5 Ton,2 Stage,Variable Speed,115 VAC 1 Ph 60 Hz,27.75 Inch,24.5 Inch,33 Inch,188 lbs.,2-Stage Variable Speed Horizontal Gas Furnace,Yes,Low Nox
https://www.lennoxpros.com/el297uh090xe48c-90btuh4t/p/24X62,https://images.lennoxpros.com/is/image/LennoxIntl/24X62?$product_related$,https://images.lennoxpros.com/is/image/LennoxIntl/24X62,Lennox EL297UH090XE48C Furnace,"Lennox Elite EL297UHE, EL297UH090XE48C, 97% AFUE, 88000 BTU, 4 Ton, 2 Stage, Constant Torque Upflow/Horizontal Low Nox Gas Furnace",Lennox EL297UH090XE48C 2 Stage Furance,Lennox,24X62,EL297UH090XE48C,Unit(S),EL297UHE,Elite,88000 Btuh,97% AFUE,Upflow/Horizontal,4 Ton,2 Stage,Constant Torque,115 VAC 1 Ph 60 Hz,27.75 Inch,21 Inch,33 Inch,160 lbs.,2-Stage Constant Torque Horizontal Gas Furnace,Yes,Low Nox
https://www.lennoxpros.com/el297uh090xv48c-90btuh4ton/p/24X52,https://images.lennoxpros.com/is/image/LennoxIntl/24X52?$product_related$,https://images.lennoxpros.com/is/image/LennoxIntl/24X52,Lennox EL297UH090XV48C Furnace,"Lennox Elite EL297UHV, EL297UH090XV48C, 97% AFUE, 88000 BTU, 4 Ton, 2 Stage, Variable Speed Upflow/Horizontal Gas Furnace",Lennox EL297UH090XV48C 2 Stage Furance,Lennox,24X52,EL297UH090XV48C,Unit(S),EL297UHV,Elite,88000 Btuh,97% AFUE,Upflow/Horizontal,4 Ton,2 Stage,Variable Speed,115 VAC 1 Ph 60 Hz,27.75 Inch,21 Inch,33 Inch,167 lbs.,2-Stage Variable Speed Horizontal Gas Furnace,Yes,Low Nox
https://www.lennoxpros.com/el297df070xv48b-70btu74ton/p/24X57,https://images.lennoxpros.com/is/image/LennoxIntl/24X57?$product_related$,https://images.lennoxpros.com/is/image/LennoxIntl/24X57,Lennox EL297DF070XV48B Furnace,"Lennox Elite EL297DFV, EL297DF070XV48B, 97% AFUE, 66000 BTU, 4 Ton, 2 Stage, Variable Speed Downflow Gas Furnace",Lennox EL297DF070XV48B 2 Stage Furance,Lennox,24X57,EL297DF070XV48B,Unit(S),EL297DFV,Elite,66000 Btuh,97% AFUE,Downflow,4 Ton,2 Stage,Variable Speed,115 VAC 1 Ph 60 Hz,27.75 Inch,17.5 Inch,33 Inch,138 lbs.,2-Stage Variable Speed Downflow Gas Furnace,Yes,Low Nox
https://www.lennoxpros.com/el297uh110xv48c-110btuh4ton/p/24X53,https://images.lennoxpros.com/is/image/LennoxIntl/24X53?$product_related$,https://images.lennoxpros.com/is/image/LennoxIntl/24X53,Lennox EL297UH110XV48C Furnace,"Lennox Elite EL297UHV, EL297UH110XV48C, 97% AFUE, 110000 BTU, 4 Ton, 2 Stage, Variable Speed Upflow/Horizontal Gas Furnace",Lennox EL297UH110XV48C 2 Stage Furance,Lennox,24X53,EL297UH110XV48C,Unit(S),EL297UHV,Elite,110000 Btuh,97% AFUE,Upflow/Horizontal,4 Ton,2 Stage,Variable Speed,115 VAC 1 Ph 60 Hz,27.75 Inch,21 Inch,33 Inch,174 lbs.,2-Stage Variable Speed Horizontal Gas Furnace,Yes,Low Nox
https://www.lennoxpros.com/el297uh070xe36b-70btuh3t/p/24X61,https://images.lennoxpros.com/is/image/LennoxIntl/24X61?$product_related$,https://images.lennoxpros.com/is/image/LennoxIntl/24X61,Lennox EL297UH070XE36B Furnace,"Lennox Elite EL297UHE, EL297UH070XE36B, 97% AFUE, 66000 BTU, 3 Ton, 2 Stage, Constant Torque Upflow/Horizontal Low Nox Gas Furnace",Lennox EL297UH070XE36B 2 Stage Furance,Lennox,24X61,EL297UH070XE36B,Unit(S),EL297UHE,Elite,66000 Btuh,97% AFUE,Upflow/Horizontal,3 Ton,2 Stage,Constant Torque,115 VAC 1 Ph 60 Hz,27.75 Inch,17.5 Inch,33 Inch,137 lbs.,2-Stage Constant Torque Horizontal Gas Furnace,Yes,Low Nox
https://www.lennoxpros.com/el297uh070xv36b-70btuh3ton/p/24X50,https://images.lennoxpros.com/is/image/LennoxIntl/24X50?$product_related$,https://images.lennoxpros.com/is/image/LennoxIntl/24X50,Lennox EL297UH070XV36B Furnace,"Lennox Elite EL297UHV, EL297UH070XV36B, 97% AFUE, 66000 BTU, 3 Ton, 2 Stage, Variable Speed Upflow/Horizontal Gas Furnace",Lennox EL297UH070XV36B 2 Stage Furance,Lennox,24X50,EL297UH070XV36B,Unit(S),EL297UHV,Elite,66000 Btuh,97% AFUE,Upflow/Horizontal,3 Ton,2 Stage,Variable Speed,115 VAC 1 Ph 60 Hz,27.75 Inch,17.5 Inch,33 Inch,138 lbs.,2-Stage Variable Speed Horizontal Gas Furnace,Yes,Low Nox
https://www.lennoxpros.com/el297uh090xv36c-90btuh3ton/p/24X51,https://images.lennoxpros.com/is/image/LennoxIntl/24X51?$product_related$,https://images.lennoxpros.com/is/image/LennoxIntl/24X51,Lennox EL297UH090XV36C Furnace,"Lennox Elite EL297UHV, EL297UH090XV36C, 97% AFUE, 88000 BTU, 3 Ton, 2 Stage, Variable Speed Upflow/Horizontal Gas Furnace",Lennox EL297UH090XV36C 2 Stage Furance,Lennox,24X51,EL297UH090XV36C,Unit(S),EL297UHV,Elite,88000 Btuh,97% AFUE,Upflow/Horizontal,3 Ton,2 Stage,Variable Speed,115 VAC 1 Ph 60 Hz,27.75 Inch,21 Inch,33 Inch,155 lbs.,2-Stage Variable Speed Horizontal Gas Furnace,Yes,Low Nox
https://www.lennoxpros.com/el297df045xv36b-45btuh3ton/p/24X56,https://images.lennoxpros.com/is/image/LennoxIntl/24X56?$product_related$,https://images.lennoxpros.com/is/image/LennoxIntl/24X56,Lennox EL297DF045XV36B Furnace,"Lennox Elite EL297DFV, EL297DF045XV36B, 97% AFUE, 44000 BTU, 3 Ton, 2 Stage, Variable Speed Downflow Gas Furnace",Lennox EL297DF045XV36B 2 Stage Furance,Lennox,24X56,EL297DF045XV36B,Unit(S),EL297DFV,Elite,44000 Btuh,97% AFUE,Downflow,3 Ton,2 Stage,Variable Speed,115 VAC 1 Ph 60 Hz,27.75 Inch,17.5 Inch,33 Inch,131 lbs.,2-Stage Variable Speed Downflow Gas Furnace,Yes,Low Nox
https://www.lennoxpros.com/slp99uh070xv36b-furnace-gas-70btuh-3ton/p/19A45,https://images.lennoxpros.com/is/image/LennoxIntl/19A45?$product_related$,https://images.lennoxpros.com/is/image/LennoxIntl/19A45,Lennox SLP99UH070XV36B Furnace,"Lennox DLSC SLP99V, SLP99UH070XV36B, Up To 99% AFUE, 66000 BTU, 2-3.5 Ton, Modulating, Variable Speed Upflow/Horizontal Gas Furnace",Lennox SLP99UH070XV36B Modulating Furance,Lennox,19A45,SLP99UH070XV36B,Unit(S),SLP99V,DLSC,66000 Btuh,Up To 99% AFUE,Upflow/Horizontal,2-3.5 Ton,Modulating,Variable Speed,115 VAC 1 Ph 60 Hz,29.25 Inch,17.5 Inch,33 Inch,139 lbs.,,Yes,Low NOx
https://www.lennoxpros.com/slp99df090xv60c-gas-furnace-90btuh-5ton/p/19A47,https://images.lennoxpros.com/is/image/LennoxIntl/19A47?$product_related$,https://images.lennoxpros.com/is/image/LennoxIntl/19A47,Lennox SLP99DF090XV60C Furnace,"Lennox DLSC SLP99V, SLP99DF090XV60C, 97.5% AFUE, 88000 BTU, 4-5 Ton, Modulating, Variable Speed Downflow Gas Furnace",Lennox SLP99DF090XV60C Modulating Furance,Lennox,19A47,SLP99DF090XV60C,Unit(S),SLP99V,DLSC,88000 Btuh,97.5% AFUE,Downflow,4-5 Ton,Modulating,Variable Speed,115 VAC 1 Ph 60 Hz,29.25 Inch,21 Inch,33 Inch,166 lbs.,,Yes,Low NOx
https://www.lennoxpros.com/slp99uh110xv60c-gas-furnace-110btuh-5ton/p/19A41,https://images.lennoxpros.com/is/image/LennoxIntl/19A41?$product_related$,https://images.lennoxpros.com/is/image/LennoxIntl/19A41,Lennox SLP99UH110XV60C Furnace,"Lennox DLSC SLP99V, SLP99UH110XV60C, Up To 99% AFUE, 110000 BTU, 4-5 Ton, Modulating, Variable Speed Upflow/Horizontal Gas Furnace",Lennox SLP99UH110XV60C Modulating Furance,Lennox,19A41,SLP99UH110XV60C,Unit(S),SLP99V,DLSC,110000 Btuh,Up To 99% AFUE,Upflow/Horizontal,4-5 Ton,Modulating,Variable Speed,115 VAC 1 Ph 60 Hz,29.25 Inch,21 Inch,33 Inch,176 lbs.,,Yes,Low NOx
https://www.lennoxpros.com/el297uh045xv36b-45btuh3ton/p/24X49,https://images.lennoxpros.com/is/image/LennoxIntl/24X49?$product_related$,https://images.lennoxpros.com/is/image/LennoxIntl/24X49,Lennox EL297UH045XV36B Furnace,"Lennox Elite EL297UHV, EL297UH045XV36B, 97% AFUE, 44000 BTU, 3 Ton, 2 Stage, Variable Speed Upflow/Horizontal Gas Furnace",Lennox EL297UH045XV36B 2 Stage Furance,Lennox,24X49,EL297UH045XV36B,Unit(S),EL297UHV,Elite,44000 Btuh,97% AFUE,Upflow/Horizontal,3 Ton,2 Stage,Variable Speed,115 VAC 1 Ph 60 Hz,27.75 Inch,17.5 Inch,33 Inch,131 lbs.,2-Stage Variable Speed Horizontal Gas Furnace,Yes,Low Nox
https://www.lennoxpros.com/sl297uh080nv60c-furn-gas-80btu-5t-ulnox/p/15Y77,https://images.lennoxpros.com/is/image/LennoxIntl/15Y77?$product_related$,https://images.lennoxpros.com/is/image/LennoxIntl/15Y77,Lennox SL297UH080NV60C Furnace,"Lennox DLSC SL297NV, SL297UH080NV60C, 97.5% AFUE, 80000 BTU, 5 Ton, 2 Stage Heat, Variable Speed Upflow/Horizontal Gas Furnace",Lennox SL297UH080NV60C 2 Stage Heat Furance,Lennox,15Y77,SL297UH080NV60C,Unit(S),SL297NV,DLSC,80000 Btuh,97.5% AFUE,Upflow/Horizontal,5 Ton,2 Stage Heat,Variable Speed,115 VAC 1 Ph 60 Hz,27.75 Inch,21 Inch,33 Inch,156 lbs.,,Yes,Ultra-Low NOx
https://www.lennoxpros.com/sl280df070v36a-ic-furn-gas-70btuh-3ton/p/78W77,https://images.lennoxpros.com/is/image/LennoxIntl/78W77?$product_related$,https://images.lennoxpros.com/is/image/LennoxIntl/78W77,Lennox SL280DF070V36A Furnace,"Lennox DLSC SL280V, SL280DF070V36A, 80% AFUE, 66000 BTU, 3 Ton, 2 Stage Heat, Variable Speed Downflow Gas Furnace",Lennox SL280DF070V36A 2 Stage Heat Furance,Lennox,78W77,SL280DF070V36A,Unit(S),SL280V,DLSC,66000 Btuh,80% AFUE,Downflow,3 Ton,2 Stage Heat,Variable Speed,115 VAC 1 Ph 60 Hz,27.75 Inch,14.5 Inch,33 Inch,130 lbs.,2-Stage Variable Speed Downflow Gas Furnace,No,
https://www.lennoxpros.com/sl280uh135v60d-ic-furn-gas-135btuh-5ton/p/78W76,https://images.lennoxpros.com/is/image/LennoxIntl/78W76?$product_related$,https://images.lennoxpros.com/is/image/LennoxIntl/78W76,Lennox SL280UH135V60D Furnace,"Lennox DLSC SL280V, SL280UH135V60D, 80% AFUE, 132000 BTU, 5 Ton, 2 Stage Heat, Variable Speed Upflow/Horizontal Gas Furnace",Lennox SL280UH135V60D 2 Stage Heat Furance,Lennox,78W76,SL280UH135V60D,Unit(S),SL280V,DLSC,132000 Btuh,80% AFUE,Upflow/Horizontal,5 Ton,2 Stage Heat,Variable Speed,115 VAC 1 Ph 60 Hz,27.75 Inch,24.5 Inch,33 Inch,187 lbs.,2-Stage Variable Speed Horizontal Gas Furnace,No,
https://www.lennoxpros.com/sl280uh090xv48b-ic-furn-gas-90btuh-4ton/p/78W70,https://images.lennoxpros.com/is/image/LennoxIntl/78W70?$product_related$,https://images.lennoxpros.com/is/image/LennoxIntl/78W70,Lennox SL280UH090XV48B Furnace,"Lennox DLSC SL280V, SL280UH090XV48B, 80% AFUE, 88000 BTU, 4 Ton, 2 Stage Heat, Variable Speed Upflow/Horizontal Gas Furnace",Lennox SL280UH090XV48B 2 Stage Heat Furance,Lennox,78W70,SL280UH090XV48B,Unit(S),SL280V,DLSC,88000 Btuh,80% AFUE,Upflow/Horizontal,4 Ton,2 Stage Heat,Variable Speed,115 VAC 1 Ph 60 Hz,27.75 Inch,17.5 Inch,33 Inch,155 lbs.,,No,Low NOx
https://www.lennoxpros.com/sl280uh090v36b-ic-furn-gas-90btuh-3ton/p/78W69,https://images.lennoxpros.com/is/image/LennoxIntl/78W69?$product_related$,https://images.lennoxpros.com/is/image/LennoxIntl/78W69,Lennox SL280UH090V36B Furnace,"Lennox DLSC SL280V, SL280UH090V36B, 80% AFUE, 88000 BTU, 3 Ton, 2 Stage Heat, Variable Speed Upflow/Horizontal Gas Furnace",Lennox SL280UH090V36B 2 Stage Heat Furance,Lennox,78W69,SL280UH090V36B,Unit(S),SL280V,DLSC,88000 Btuh,80% AFUE,Upflow/Horizontal,3 Ton,2 Stage Heat,Variable Speed,115 VAC 1 Ph 60 Hz,27.75 Inch,17.5 Inch,33 Inch,144 lbs.,2-Stage Variable Speed Horizontal Gas Furnace,No,
https://www.lennoxpros.com/sl280df110v60c-ic-furn-gas-110btuh-5ton/p/78W80,https://images.lennoxpros.com/is/image/LennoxIntl/78W80?$product_related$,https://images.lennoxpros.com/is/image/LennoxIntl/78W80,Lennox SL280DF110V60C Furnace,"Lennox DLSC SL280V, SL280DF110V60C, 80% AFUE, 110000 BTU, 5 Ton, 2 Stage Heat, Variable Speed Downflow Gas Furnace",Lennox SL280DF110V60C 2 Stage Heat Furance,Lennox,78W80,SL280DF110V60C,Unit(S),SL280V,DLSC,110000 Btuh,80% AFUE,Downflow,5 Ton,2 Stage Heat,Variable Speed,115 VAC 1 Ph 60 Hz,27.75 Inch,21 Inch,33 Inch,173 lbs.,2-Stage Variable Speed Downflow Gas Furnace,No,
https://www.lennoxpros.com/sl280uh090v60c-ic-furn-gas-90btuh-5ton/p/78W72,https://images.lennoxpros.com/is/image/LennoxIntl/78W72?$product_related$,https://images.lennoxpros.com/is/image/LennoxIntl/78W72,Lennox SL280UH090V60C Furnace,"Lennox DLSC SL280V, SL280UH090V60C, 80% AFUE, 88000 BTU, 5 Ton, 2 Stage Heat, Variable Speed Upflow/Horizontal Gas Furnace",Lennox SL280UH090V60C 2 Stage Heat Furance,Lennox,78W72,SL280UH090V60C,Unit(S),SL280V,DLSC,88000 Btuh,80% AFUE,Upflow/Horizontal,5 Ton,2 Stage Heat,Variable Speed,115 VAC 1 Ph 60 Hz,27.75 Inch,21 Inch,33 Inch,162 lbs.,2-Stage Variable Speed Horizontal Gas Furnace,No,
https://www.lennoxpros.com/sl280df090v48b-ic-furn-gas-90btuh-4ton/p/78W78,https://images.lennoxpros.com/is/image/LennoxIntl/78W78?$product_related$,https://images.lennoxpros.com/is/image/LennoxIntl/78W78,Lennox SL280DF090V48B Furnace,"Lennox DLSC SL280V, SL280DF090V48B, 80% AFUE, 88000 BTU, 4 Ton, 2 Stage Heat, Variable Speed Downflow Gas Furnace",Lennox SL280DF090V48B 2 Stage Heat Furance,Lennox,78W78,SL280DF090V48B,Unit(S),SL280V,DLSC,88000 Btuh,80% AFUE,Downflow,4 Ton,2 Stage Heat,Variable Speed,115 VAC 1 Ph 60 Hz,27.75 Inch,17.5 Inch,33 Inch,154 lbs.,2-Stage Variable Speed Downflow Gas Furnace,No,
https://www.lennoxpros.com/sl280uh070xv36a-ic-furn-gas-70btuh-3ton/p/78W68,https://images.lennoxpros.com/is/image/LennoxIntl/78W68?$product_related$,https://images.lennoxpros.com/is/image/LennoxIntl/78W68,Lennox SL280UH070XV36A Furnace,"Lennox DLSC SL280V, SL280UH070XV36A, 80% AFUE, 66000 BTU, 3 Ton, 2 Stage Heat, Variable Speed Upflow/Horizontal Gas Furnace",Lennox SL280UH070XV36A 2 Stage Heat Furance,Lennox,78W68,SL280UH070XV36A,Unit(S),SL280V,DLSC,66000 Btuh,80% AFUE,Upflow/Horizontal,3 Ton,2 Stage Heat,Variable Speed,115 VAC 1 Ph 60 Hz,27.75 Inch,14.5 Inch,33 Inch,130 lbs.,,No,Low NOx
https://www.lennoxpros.com/sl280uh110xv60c-ic-furn-gas-110btuh-5ton/p/78W75,https://images.lennoxpros.com/is/image/LennoxIntl/78W75?$product_related$,https://images.lennoxpros.com/is/image/LennoxIntl/78W75,Lennox SL280UH110XV60C Furnace,"Lennox DLSC SL280V, SL280UH110XV60C, 80% AFUE, 110000 BTU, 5 Ton, 2 Stage Heat, Variable Speed Upflow/Horizontal Gas Furnace",Lennox SL280UH110XV60C 2 Stage Heat Furance,Lennox,78W75,SL280UH110XV60C,Unit(S),SL280V,DLSC,110000 Btuh,80% AFUE,Upflow/Horizontal,5 Ton,2 Stage Heat,Variable Speed,115 VAC 1 Ph 60 Hz,27.75 Inch,21 Inch,33 Inch,178 lbs.,,No,Low NOx
https://www.lennoxpros.com/sl280df060nv36b-furngas60btu3tuln/p/22B34,https://images.lennoxpros.com/is/image/LennoxIntl/22B34?$product_related$,https://images.lennoxpros.com/is/image/LennoxIntl/22B34,Lennox SL280DF060NV36B Furnace,"Lennox DLSC SL280NV, SL280DF060NV36B, 80% AFUE, 60000 BTU, 2-3 Ton, 2 Stage Heat, Variable Speed Downflow Gas Furnace",Lennox SL280DF060NV36B 2 Stage Heat Furance,Lennox,22B34,SL280DF060NV36B,Unit(S),SL280NV,DLSC,60000 Btuh,80% AFUE,Downflow,2-3 Ton,2 Stage Heat,Variable Speed,115 VAC 1 Ph 60 Hz,27.75 Inch,17.5 Inch,33 Inch,123 lbs.,,No,Ultra-Low NOx
https://www.lennoxpros.com/sl280df080nv60c-furngas80btu5tuln/p/22B35,https://images.lennoxpros.com/is/image/LennoxIntl/22B35?$product_related$,https://images.lennoxpros.com/is/image/LennoxIntl/22B35,Lennox SL280DF080NV60C Furnace,"Lennox DLSC SL280NV, SL280DF080NV60C, 80% AFUE, 80000 BTU, 3-5 Ton, 2 Stage Heat, Variable Speed Downflow Gas Furnace",Lennox SL280DF080NV60C 2 Stage Heat Furance,Lennox,22B35,SL280DF080NV60C,Unit(S),SL280NV,DLSC,80000 Btuh,80% AFUE,Downflow,3-5 Ton,2 Stage Heat,Variable Speed,115 VAC 1 Ph 60 Hz,27.75 Inch,21 Inch,33 Inch,145 lbs.,,No,Ultra-Low NOx
https://www.lennoxpros.com/sl280uh090v48b-ic-furn-gas-90btuh-4ton/p/78W71,https://images.lennoxpros.com/is/image/LennoxIntl/78W71?$product_related$,https://images.lennoxpros.com/is/image/LennoxIntl/78W71,Lennox SL280UH090V48B Furnace,"Lennox DLSC SL280V, SL280UH090V48B, 80% AFUE, 88000 BTU, 4 Ton, 2 Stage Heat, Variable Speed Upflow/Horizontal Gas Furnace",Lennox SL280UH090V48B 2 Stage Heat Furance,Lennox,78W71,SL280UH090V48B,Unit(S),SL280V,DLSC,88000 Btuh,80% AFUE,Upflow/Horizontal,4 Ton,2 Stage Heat,Variable Speed,115 VAC 1 Ph 60 Hz,27.75 Inch,17.5 Inch,33 Inch,152 lbs.,2-Stage Variable Speed Horizontal Gas Furnace,No,
https://www.lennoxpros.com/slp99uh090xv36c-gas-furnace-90btuh-3ton/p/19A44,https://images.lennoxpros.com/is/image/LennoxIntl/19A44?$product_related$,https://images.lennoxpros.com/is/image/LennoxIntl/19A44,Lennox SLP99UH090XV36C Furnace,"Lennox DLSC SLP99V, SLP99UH090XV36C, Up To 99% AFUE, 88000 BTU, 2-3.5 Ton, Modulating, Variable Speed Upflow/Horizontal Gas Furnace",Lennox SLP99UH090XV36C Modulating Furance,Lennox,19A44,SLP99UH090XV36C,Unit(S),SLP99V,DLSC,88000 Btuh,Up To 99% AFUE,Upflow/Horizontal,2-3.5 Ton,Modulating,Variable Speed,115 VAC 1 Ph 60 Hz,29.25 Inch,21 Inch,33 Inch,156 lbs.,,Yes,Low NOx
https://www.lennoxpros.com/sl280uh090xv60c-ic-furn-gas-90btuh-5ton/p/78W73,https://images.lennoxpros.com/is/image/LennoxIntl/78W73?$product_related$,https://images.lennoxpros.com/is/image/LennoxIntl/78W73,Lennox SL280UH090XV60C Furnace,"Lennox DLSC SL280V, SL280UH090XV60C, 80% AFUE, 88000 BTU, 5 Ton, 2 Stage Heat, Variable Speed Upflow/Horizontal Gas Furnace",Lennox SL280UH090XV60C 2 Stage Heat Furance,Lennox,78W73,SL280UH090XV60C,Unit(S),SL280V,DLSC,88000 Btuh,80% AFUE,Upflow/Horizontal,5 Ton,2 Stage Heat,Variable Speed,115 VAC 1 Ph 60 Hz,27.75 Inch,21 Inch,33 Inch,173 lbs.,,No,Low NOx
https://www.lennoxpros.com/el296df070xv48b-furnace-gas-70btuh-4ton/p/62W96,https://images.lennoxpros.com/is/image/LennoxIntl/62W96?$product_related$,https://images.lennoxpros.com/is/image/LennoxIntl/62W96,Lennox EL296DF070XV48B Furnace,"Lennox Elite EL296V, EL296DF070XV48B, 96% AFUE, 66000 BTU, 4 Ton, 2 Stage Heat, Variable Speed Downflow Gas Furnace",Lennox EL296DF070XV48B 2 Stage Heat Furance,Lennox,62W96,EL296DF070XV48B,Unit(S),EL296V,Elite,66000 Btuh,96% AFUE,Downflow,4 Ton,2 Stage Heat,Variable Speed,115 VAC 1 Ph 60 Hz,27.75 Inch,17.5 Inch,33 Inch,138 lbs.,,Yes,Low NOx
https://www.lennoxpros.com/el296uh135xv60d-furnace-gas-135btuh-5ton/p/62W94,https://images.lennoxpros.com/is/image/LennoxIntl/62W94?$product_related$,https://images.lennoxpros.com/is/image/LennoxIntl/62W94,Lennox EL296UH135XV60D Furnace,"Lennox Elite EL296V, EL296UH135XV60D, 96% AFUE, 132000 BTU, 5 Ton, 2 Stage Heat, Variable Speed Upflow/Horizontal Gas Furnace",Lennox EL296UH135XV60D 2 Stage Heat Furance,Lennox,62W94,EL296UH135XV60D,Unit(S),EL296V,Elite,132000 Btuh,96% AFUE,Upflow/Horizontal,5 Ton,2 Stage Heat,Variable Speed,115 VAC 1 Ph 60 Hz,27.75 Inch,24.5 Inch,33 Inch,188 lbs.,,Yes,Low NOx
https://www.lennoxpros.com/el296uh110xv60c-furnace-gas-110btuh-5ton/p/62W93,https://images.lennoxpros.com/is/image/LennoxIntl/62W93?$product_related$,https://images.lennoxpros.com/is/image/LennoxIntl/62W93,Lennox EL296UH110XV60C Furnace,"Lennox Elite EL296V, EL296UH110XV60C, 96% AFUE, 110000 BTU, 5 Ton, 2 Stage Heat, Variable Speed Upflow/Horizontal Gas Furnace",Lennox EL296UH110XV60C 2 Stage Heat Furance,Lennox,62W93,EL296UH110XV60C,Unit(S),EL296V,Elite,110000 Btuh,96% AFUE,Upflow/Horizontal,5 Ton,2 Stage Heat,Variable Speed,115 VAC 1 Ph 60 Hz,27.75 Inch,21 Inch,33 Inch,175 lbs.,,Yes,Low NOx
https://www.lennoxpros.com/el296uh090xv60c-furnace-gas-90btuh-5ton/p/62W91,https://images.lennoxpros.com/is/image/LennoxIntl/62W91?$product_related$,https://images.lennoxpros.com/is/image/LennoxIntl/62W91,Lennox EL296UH090XV60C Furnace,"Lennox Elite EL296V, EL296UH090XV60C, 96% AFUE, 88000 BTU, 5 Ton, 2 Stage Heat, Variable Speed Upflow/Horizontal Gas Furnace",Lennox EL296UH090XV60C 2 Stage Heat Furance,Lennox,62W91,EL296UH090XV60C,Unit(S),EL296V,Elite,88000 Btuh,96% AFUE,Upflow/Horizontal,5 Ton,2 Stage Heat,Variable Speed,115 VAC 1 Ph 60 Hz,27.75 Inch,21 Inch,33 Inch,167 lbs.,,Yes,Low NOx
https://www.lennoxpros.com/el296uh045xv36b-furnace-gas-45btuh-3ton/p/62W87,https://images.lennoxpros.com/is/image/LennoxIntl/62W87?$product_related$,https://images.lennoxpros.com/is/image/LennoxIntl/62W87,Lennox EL296UH045XV36B Furnace,"Lennox Elite EL296V, EL296UH045XV36B, 96% AFUE, 44000 BTU, 3 Ton, 2 Stage Heat, Variable Speed Upflow/Horizontal Gas Furnace",Lennox EL296UH045XV36B 2 Stage Heat Furance,Lennox,62W87,EL296UH045XV36B,Unit(S),EL296V,Elite,44000 Btuh,96% AFUE,Upflow/Horizontal,3 Ton,2 Stage Heat,Variable Speed,115 VAC 1 Ph 60 Hz,27.75 Inch,17.5 Inch,33 Inch,131 lbs.,,Yes,Low NOx
https://www.lennoxpros.com/el296uh090xv36c-furnace-gas-90btuh-3ton/p/62W89,https://images.lennoxpros.com/is/image/LennoxIntl/62W89?$product_related$,https://images.lennoxpros.com/is/image/LennoxIntl/62W89,Lennox EL296UH090XV36C Furnace,"Lennox Elite EL296V, EL296UH090XV36C, 96% AFUE, 88000 BTU, 3 Ton, 2 Stage Heat, Variable Speed Upflow/Horizontal Gas Furnace",Lennox EL296UH090XV36C 2 Stage Heat Furance,Lennox,62W89,EL296UH090XV36C,Unit(S),EL296V,Elite,88000 Btuh,96% AFUE,Upflow/Horizontal,3 Ton,2 Stage Heat,Variable Speed,115 VAC 1 Ph 60 Hz,27.75 Inch,21 Inch,33 Inch,155 lbs.,,Yes,Low NOx
https://www.lennoxpros.com/el297df110xe60c-110btuh5t/p/24X68,https://images.lennoxpros.com/is/image/LennoxIntl/24X68?$product_related$,https://images.lennoxpros.com/is/image/LennoxIntl/24X68,Lennox EL297DF110XE60C Furnace,"Lennox Elite EL297DFE, EL297DF110XE60C, 97% AFUE, 110000 BTU, 5 Ton, 2 Stage, Constant Torque Downflow Low Nox Gas Furnace",Lennox EL297DF110XE60C 2 Stage Furance,Lennox,24X68,EL297DF110XE60C,Unit(S),EL297DFE,Elite,110000 Btuh,97% AFUE,Downflow,5 Ton,2 Stage,Constant Torque,115 VAC 1 Ph 60 Hz,27.75 Inch,21 Inch,33 Inch,174 lbs.,2-Stage Constant Torque Downflow Gas Furnace,Yes,Low Nox
https://www.lennoxpros.com/sl280df090v60c-ic-furn-gas-90btuh-5ton/p/78W79,https://images.lennoxpros.com/is/image/LennoxIntl/78W79?$product_related$,https://images.lennoxpros.com/is/image/LennoxIntl/78W79,Lennox SL280DF090V60C Furnace,"Lennox DLSC SL280V, SL280DF090V60C, 80% AFUE, 88000 BTU, 5 Ton, 2 Stage Heat, Variable Speed Downflow Gas Furnace",Lennox SL280DF090V60C 2 Stage Heat Furance,Lennox,78W79,SL280DF090V60C,Unit(S),SL280V,DLSC,88000 Btuh,80% AFUE,Downflow,5 Ton,2 Stage Heat,Variable Speed,115 VAC 1 Ph 60 Hz,27.75 Inch,21 Inch,33 Inch,164 lbs.,2-Stage Variable Speed Downflow Gas Furnace,No,
https://www.lennoxpros.com/el296uh070xv36b-furnace-gas-70btuh-3ton/p/62W88,https://images.lennoxpros.com/is/image/LennoxIntl/62W88?$product_related$,https://images.lennoxpros.com/is/image/LennoxIntl/62W88,Lennox EL296UH070XV36B Furnace,"Lennox Elite EL296V, EL296UH070XV36B, 96% AFUE, 66000 BTU, 3 Ton, 2 Stage Heat, Variable Speed Upflow/Horizontal Gas Furnace",Lennox EL296UH070XV36B 2 Stage Heat Furance,Lennox,62W88,EL296UH070XV36B,Unit(S),EL296V,Elite,66000 Btuh,96% AFUE,Upflow/Horizontal,3 Ton,2 Stage Heat,Variable Speed,115 VAC 1 Ph 60 Hz,27.75 Inch,17.5 Inch,33 Inch,138 lbs.,,Yes,Low NOx
https://www.lennoxpros.com/slp99uh135xv60d-gas-furnace-135btuh-5ton/p/19A40,https://images.lennoxpros.com/is/image/LennoxIntl/19A40?$product_related$,https://images.lennoxpros.com/is/image/LennoxIntl/19A40,Lennox SLP99UH135XV60D Furnace,"Lennox DLSC SLP99V, SLP99UH135XV60D, Up To 99% AFUE, 132000 BTU, 4-5 Ton, Modulating, Variable Speed Upflow/Horizontal Gas Furnace",Lennox SLP99UH135XV60D Modulating Furance,Lennox,19A40,SLP99UH135XV60D,Unit(S),SLP99V,DLSC,132000 Btuh,Up To 99% AFUE,Upflow/Horizontal,4-5 Ton,Modulating,Variable Speed,115 VAC 1 Ph 60 Hz,29.25 Inch,24.5 Inch,33 Inch,191 lbs.,,Yes,Low NOx
https://www.lennoxpros.com/el297df070xe48b-70btuh4t/p/24X66,https://images.lennoxpros.com/is/image/LennoxIntl/24X66?$product_related$,https://images.lennoxpros.com/is/image/LennoxIntl/24X66,Lennox EL297DF070XE48B Furnace,"Lennox Elite EL297DFE, EL297DF070XE48B, 97% AFUE, 66000 BTU, 4 Ton, 2 Stage, Constant Torque Downflow Low Nox Gas Furnace",Lennox EL297DF070XE48B 2 Stage Furance,Lennox,24X66,EL297DF070XE48B,Unit(S),EL297DFE,Elite,66000 Btuh,97% AFUE,Downflow,4 Ton,2 Stage,Constant Torque,115 VAC 1 Ph 60 Hz,27.75 Inch,17.5 Inch,33 Inch,149 lbs.,2-Stage Constant Torque Downflow Gas Furnace,Yes,Low Nox
https://www.lennoxpros.com/slp99uh090xv60c-gas-furnace-90btuh-5ton/p/19A42,https://images.lennoxpros.com/is/image/LennoxIntl/19A42?$product_related$,https://images.lennoxpros.com/is/image/LennoxIntl/19A42,Lennox SLP99UH090XV60C Furnace,"Lennox DLSC SLP99V, SLP99UH090XV60C, Up To 99% AFUE, 88000 BTU, 4-5 Ton, Modulating, Variable Speed Upflow/Horizontal Gas Furnace",Lennox SLP99UH090XV60C Modulating Furance,Lennox,19A42,SLP99UH090XV60C,Unit(S),SLP99V,DLSC,88000 Btuh,Up To 99% AFUE,Upflow/Horizontal,4-5 Ton,Modulating,Variable Speed,115 VAC 1 Ph 60 Hz,29.25 Inch,21 Inch,33 Inch,166 lbs.,,Yes,Low NOx
https://www.lennoxpros.com/sl280uh080nv48b-80afue-ultra-low-nox-gas-furnace/p/15F83,https://images.lennoxpros.com/is/image/LennoxIntl/15F83?$product_related$,https://images.lennoxpros.com/is/image/LennoxIntl/15F83,Lennox SL280UH080NV48B Furnace,"Lennox DLSC SL280NV, SL280UH080NV48B, 80% AFUE, 80000 BTU, 4 Ton, 2 Stage Heat, Variable Speed Upflow/Horizontal Gas Furnace",Lennox SL280UH080NV48B 2 Stage Heat Furance,Lennox,15F83,SL280UH080NV48B,Unit(S),SL280NV,DLSC,80000 Btuh,80% AFUE,Upflow/Horizontal,4 Ton,2 Stage Heat,Variable Speed,115 VAC 1 Ph 60 Hz,27.75 Inch,17.5 Inch,33 Inch,134 lbs.,,No,Ultra-Low NOx
https://www.lennoxpros.com/sl280uh100nv60c-80afue-ultra-low-nox-gas-furnace/p/15F86,https://images.lennoxpros.com/is/image/LennoxIntl/15F86?$product_related$,https://images.lennoxpros.com/is/image/LennoxIntl/15F86,Lennox SL280UH100NV60C Furnace,"Lennox DLSC SL280NV, SL280UH100NV60C, 80% AFUE, 100000 BTU, 5 Ton, 2 Stage Heat, Variable Speed Upflow/Horizontal Gas Furnace",Lennox SL280UH100NV60C 2 Stage Heat Furance,Lennox,15F86,SL280UH100NV60C,Unit(S),SL280NV,DLSC,100000 Btuh,80% AFUE,Upflow/Horizontal,5 Ton,2 Stage Heat,Variable Speed,115 VAC 1 Ph 60 Hz,27.75 Inch,21 Inch,33 Inch,181 lbs.,,No,Ultra-Low NOx
https://www.lennoxpros.com/sl280uh080nv60c-80afue-ultra-low-nox-gas-furnace/p/15F84,https://images.lennoxpros.com/is/image/LennoxIntl/15F84?$product_related$,https://images.lennoxpros.com/is/image/LennoxIntl/15F84,Lennox SL280UH080NV60C Furnace,"Lennox DLSC SL280NV, SL280UH080NV60C, 80% AFUE, 80000 BTU, 5 Ton, 2 Stage Heat, Variable Speed Upflow/Horizontal Gas Furnace",Lennox SL280UH080NV60C 2 Stage Heat Furance,Lennox,15F84,SL280UH080NV60C,Unit(S),SL280NV,DLSC,80000 Btuh,80% AFUE,Upflow/Horizontal,5 Ton,2 Stage Heat,Variable Speed,115 VAC 1 Ph 60 Hz,27.75 Inch,21 Inch,33 Inch,138 lbs.,,No,Ultra-Low NOx
https://www.lennoxpros.com/sl280uh110v60c-ic-furn-gas-110btuh-5ton/p/78W74,https://images.lennoxpros.com/is/image/LennoxIntl/78W74?$product_related$,https://images.lennoxpros.com/is/image/LennoxIntl/78W74,Lennox SL280UH110V60C Furnace,"Lennox DLSC SL280V, SL280UH110V60C, 80% AFUE, 110000 BTU, 5 Ton, 2 Stage Heat, Variable Speed Upflow/Horizontal Gas Furnace",Lennox SL280UH110V60C 2 Stage Heat Furance,Lennox,78W74,SL280UH110V60C,Unit(S),SL280V,DLSC,110000 Btuh,80% AFUE,Upflow/Horizontal,5 Ton,2 Stage Heat,Variable Speed,115 VAC 1 Ph 60 Hz,27.75 Inch,21 Inch,33 Inch,171 lbs.,2-Stage Variable Speed Horizontal Gas Furnace,No,
https://www.lennoxpros.com/sl297uh080nv48c-furn-gas-80btu-4t-ulnox/p/15Y76,https://images.lennoxpros.com/is/image/LennoxIntl/15Y76?$product_related$,https://images.lennoxpros.com/is/image/LennoxIntl/15Y76,Lennox SL297UH080NV48C Furnace,"Lennox DLSC SL297NV, SL297UH080NV48C, 97.5% AFUE, 80000 BTU, 4 Ton, 2 Stage Heat, Variable Speed Upflow/Horizontal Gas Furnace",Lennox SL297UH080NV48C 2 Stage Heat Furance,Lennox,15Y76,SL297UH080NV48C,Unit(S),SL297NV,DLSC,80000 Btuh,97.5% AFUE,Upflow/Horizontal,4 Ton,2 Stage Heat,Variable Speed,115 VAC 1 Ph 60 Hz,27.75 Inch,21 Inch,33 Inch,154 lbs.,,Yes,Ultra-Low NOx
https://www.lennoxpros.com/sl280uh060nv36a-80afue-ultra-low-nox-gas-furnace/p/15F82,https://images.lennoxpros.com/is/image/LennoxIntl/15F82?$product_related$,https://images.lennoxpros.com/is/image/LennoxIntl/15F82,Lennox SL280UH060NV36A Furnace,"Lennox DLSC SL280NV, SL280UH060NV36A, 80% AFUE, 60000 BTU, 3 Ton, 2 Stage Heat, Variable Speed Upflow/Horizontal Gas Furnace",Lennox SL280UH060NV36A 2 Stage Heat Furance,Lennox,15F82,SL280UH060NV36A,Unit(S),SL280NV,DLSC,60000 Btuh,80% AFUE,Upflow/Horizontal,3 Ton,2 Stage Heat,Variable Speed,115 VAC 1 Ph 60 Hz,27.75 Inch,14.5 Inch,33 Inch,114 lbs.,,No,Ultra-Low NOx
https://www.lennoxpros.com/slp99uh090xv48c-gas-furnace-90btuh-4ton/p/19A43,https://images.lennoxpros.com/is/image/LennoxIntl/19A43?$product_related$,https://images.lennoxpros.com/is/image/LennoxIntl/19A43,Lennox SLP99UH090XV48C Furnace,"Lennox DLSC SLP99V, SLP99UH090XV48C, Up To 99% AFUE, 88000 BTU, 4 Ton, Modulating, Variable Speed Upflow/Horizontal Gas Furnace",Lennox SLP99UH090XV48C Modulating Furance,Lennox,19A43,SLP99UH090XV48C,Unit(S),SLP99V,DLSC,88000 Btuh,Up To 99% AFUE,Upflow/Horizontal,4 Ton,Modulating,Variable Speed,115 VAC 1 Ph 60 Hz,29.25 Inch,21 Inch,33 Inch,166 lbs.,,Yes,Low NOx
https://www.lennoxpros.com/slp99df090xv36c-gas-furnace-90btuh-3ton/p/19A49,https://images.lennoxpros.com/is/image/LennoxIntl/19A49?$product_related$,https://images.lennoxpros.com/is/image/LennoxIntl/19A49,Lennox SLP99DF090XV36C Furnace,"Lennox DLSC SLP99V, SLP99DF090XV36C, 97.5% AFUE, 88000 BTU, 2-3.5 Ton, Modulating, Variable Speed Downflow Gas Furnace",Lennox SLP99DF090XV36C Modulating Furance,Lennox,19A49,SLP99DF090XV36C,Unit(S),SLP99V,DLSC,88000 Btuh,97.5% AFUE,Downflow,2-3.5 Ton,Modulating,Variable Speed,115 VAC 1 Ph 60 Hz,29.25 Inch,21 Inch,33 Inch,156 lbs.,,Yes,Low NOx
https://www.lennoxpros.com/sl297uh060nv36b-97afue-ultra-low-nox-gas-furnace-3-ton/p/15Y75,https://images.lennoxpros.com/is/image/LennoxIntl/15Y75?$product_related$,https://images.lennoxpros.com/is/image/LennoxIntl/15Y75,Lennox SL297UH060NV36B Furnace,"Lennox DLSC SL297NV, SL297UH060NV36B, 97.5% AFUE, 60000 BTU, 3 Ton, 2 Stage Heat, Variable Speed Upflow/Horizontal Gas Furnace",Lennox SL297UH060NV36B 2 Stage Heat Furance,Lennox,15Y75,SL297UH060NV36B,Unit(S),SL297NV,DLSC,60000 Btuh,97.5% AFUE,Upflow/Horizontal,3 Ton,2 Stage Heat,Variable Speed,115 VAC 1 Ph 60 Hz,27.75 Inch,17.5 Inch,33 Inch,130 lbs.,,Yes,Ultra-Low NOx
https://www.lennoxpros.com/slp99df070xv36b-gas-furnace-70btuh-3ton/p/19A50,https://images.lennoxpros.com/is/image/LennoxIntl/19A50?$product_related$,https://images.lennoxpros.com/is/image/LennoxIntl/19A50,Lennox SLP99DF070XV36B Furnace,"Lennox DLSC SLP99V, SLP99DF070XV36B, 97.5% AFUE, 66000 BTU, 2-3.5 Ton, Modulating, Variable Speed Downflow Gas Furnace",Lennox SLP99DF070XV36B Modulating Furance,Lennox,19A50,SLP99DF070XV36B,Unit(S),SLP99V,DLSC,66000 Btuh,97.5% AFUE,Downflow,2-3.5 Ton,Modulating,Variable Speed,115 VAC 1 Ph 60 Hz,29.25 Inch,17.5 Inch,33 Inch,141 lbs.,,Yes,Low NOx
https://www.lennoxpros.com/slp99df090xv48c-gas-furnace-90btuh-4ton/p/19A48,https://images.lennoxpros.com/is/image/LennoxIntl/19A48?$product_related$,https://images.lennoxpros.com/is/image/LennoxIntl/19A48,Lennox SLP99DF090XV48C Furnace,"Lennox DLSC SLP99V, SLP99DF090XV48C, 97.5% AFUE, 88000 BTU, 4 Ton, Modulating, Variable Speed Downflow Gas Furnace",Lennox SLP99DF090XV48C Modulating Furance,Lennox,19A48,SLP99DF090XV48C,Unit(S),SLP99V,DLSC,88000 Btuh,97.5% AFUE,Downflow,4 Ton,Modulating,Variable Speed,115 VAC 1 Ph 60 Hz,29.25 Inch,21 Inch,33 Inch,166 lbs.,,Yes,Low NOx
https://www.lennoxpros.com/el297uh135xe60d-135btuh5t/p/24X64,https://images.lennoxpros.com/is/image/LennoxIntl/24X64?$product_related$,https://images.lennoxpros.com/is/image/LennoxIntl/24X64,Lennox EL297UH135XE60D Furnace,"Lennox Elite EL297UHE, EL297UH135XE60D, 97% AFUE, 132000 BTU, 5 Ton, 2 Stage, Constant Torque Upflow/Horizontal Low Nox Gas Furnace",Lennox EL297UH135XE60D 2 Stage Furance,Lennox,24X64,EL297UH135XE60D,Unit(S),EL297UHE,Elite,132000 Btuh,97% AFUE,Upflow/Horizontal,5 Ton,2 Stage,Constant Torque,115 VAC 1 Ph 60 Hz,27.75 Inch,17.5 Inch,33 Inch,187 lbs.,2-Stage Constant Torque Horizontal Gas Furnace,Yes,Low Nox
https://www.lennoxpros.com/el297uh110xe60c-110btuh5t/p/24X63,https://images.lennoxpros.com/is/image/LennoxIntl/24X63?$product_related$,https://images.lennoxpros.com/is/image/LennoxIntl/24X63,Lennox EL297UH110XE60C Furnace,"Lennox Elite EL297UHE, EL297UH110XE60C, 97% AFUE, 110000 BTU, 5 Ton, 2 Stage, Constant Torque Upflow/Horizontal Low Nox Gas Furnace",Lennox EL297UH110XE60C 2 Stage Furance,Lennox,24X63,EL297UH110XE60C,Unit(S),EL297UHE,Elite,110000 Btuh,97% AFUE,Upflow/Horizontal,5 Ton,2 Stage,Constant Torque,115 VAC 1 Ph 60 Hz,27.75 Inch,21 Inch,33 Inch,170 lbs.,2-Stage Constant Torque Horizontal Gas Furnace,Yes,Low Nox
https://www.lennoxpros.com/el180df110e60c-furnace-gas-110btuh-5t/p/10F50,https://images.lennoxpros.com/is/image/LennoxIntl/10F50?$product_related$,https://images.lennoxpros.com/is/image/LennoxIntl/10F50,Lennox EL180DF110E60C Furnace,"Lennox Elite EL180E, EL180DF110E60C, 80% AFUE, 110000 BTU, 5 Ton, 1 Stage Heat, Constant Torque Downflow Gas Furnace",Lennox EL180DF110E60C 1 Stage Heat Furance,Lennox,10F50,EL180DF110E60C,Unit(S),EL180E,Elite,110000 Btuh,80% AFUE,Downflow,5 Ton,1 Stage Heat,Constant Torque,115 VAC 1 Ph 60 Hz,27.75 Inch,21 Inch,33 Inch,160 lbs.,1 Stage Constant Torque Downflow Gas Furnace,No,
https://www.lennoxpros.com/el180uh135e60d-furnace-gas-135btuh-5ton/p/10F39,https://images.lennoxpros.com/is/image/LennoxIntl/10F39?$product_related$,https://images.lennoxpros.com/is/image/LennoxIntl/10F39,Lennox EL180UH135E60D Furnace,"Lennox Elite EL180E, EL180UH135E60D, 80% AFUE, 132000 BTU, 5 Ton, 1 Stage Heat, Constant Torque Upflow/Horizontal Gas Furnace",Lennox EL180UH135E60D 1 Stage Heat Furance,Lennox,10F39,EL180UH135E60D,Unit(S),EL180E,Elite,132000 Btuh,80% AFUE,Upflow/Horizontal,5 Ton,1 Stage Heat,Constant Torque,115 VAC 1 Ph 60 Hz,27.75 Inch,24.5 Inch,33 Inch,178 lbs.,1 Stage Constant Torque Horizontal Gas Furnace,No,
https://www.lennoxpros.com/sl280uh070v36a-ic-furn-gas-70btuh-3ton/p/78W67,https://images.lennoxpros.com/is/image/LennoxIntl/78W67?$product_related$,https://images.lennoxpros.com/is/image/LennoxIntl/78W67,Lennox SL280UH070V36A Furnace,"Lennox DLSC SL280V, SL280UH070V36A, 80% AFUE, 66000 BTU, 3 Ton, 2 Stage Heat, Variable Speed Upflow/Horizontal Gas Furnace",Lennox SL280UH070V36A 2 Stage Heat Furance,Lennox,78W67,SL280UH070V36A,Unit(S),SL280V,DLSC,66000 Btuh,80% AFUE,Upflow/Horizontal,3 Ton,2 Stage Heat,Variable Speed,115 VAC 1 Ph 60 Hz,27.75 Inch,14.5 Inch,33 Inch,128 lbs.,2-Stage Variable Speed Horizontal Gas Furnace,No,
https://www.lennoxpros.com/el180uh045e36a-furnace-gas-45btuh-3ton/p/10F34,https://images.lennoxpros.com/is/image/LennoxIntl/10F34?$product_related$,https://images.lennoxpros.com/is/image/LennoxIntl/10F34,Lennox EL180UH045E36A Furnace,"Lennox Elite EL180E, EL180UH045E36A, 80% AFUE, 44000 BTU, 3 Ton, 1 Stage Heat, Constant Torque Upflow/Horizontal Gas Furnace",Lennox EL180UH045E36A 1 Stage Heat Furance,Lennox,10F34,EL180UH045E36A,Unit(S),EL180E,Elite,44000 Btuh,80% AFUE,Upflow/Horizontal,3 Ton,1 Stage Heat,Constant Torque,115 VAC 1 Ph 60 Hz,27.75 Inch,14.5 Inch,33 Inch,111 lbs.,1 Stage Constant Torque Horizontal Gas Furnace,No,
https://www.lennoxpros.com/el180df090e48b-furnace-gas-90btuh-4ton/p/10F49,https://images.lennoxpros.com/is/image/LennoxIntl/10F49?$product_related$,https://images.lennoxpros.com/is/image/LennoxIntl/10F49,Lennox EL180DF090E48B Furnace,"Lennox Elite EL180E, EL180DF090E48B, 80% AFUE, 88000 BTU, 4 Ton, 1 Stage Heat, Constant Torque Downflow Gas Furnace",Lennox EL180DF090E48B 1 Stage Heat Furance,Lennox,10F49,EL180DF090E48B,Unit(S),EL180E,Elite,88000 Btuh,80% AFUE,Downflow,4 Ton,1 Stage Heat,Constant Torque,115 VAC 1 Ph 60 Hz,27.75 Inch,17.5 Inch,33 Inch,140 lbs.,1 Stage Constant Torque Downflow Gas Furnace,No,
https://www.lennoxpros.com/el296df070xe48b-furnace-gas-70btuh-4t/p/11Y43,https://images.lennoxpros.com/is/image/LennoxIntl/11Y43?$product_related$,https://images.lennoxpros.com/is/image/LennoxIntl/11Y43,Lennox EL296DF070XE48B Furnace,"Lennox Elite EL296E, EL296DF070XE48B, 96% AFUE, 66000 BTU, 4 Ton, 2 Stage Heat, Constant Torque Downflow Gas Furnace",Lennox EL296DF070XE48B 2 Stage Heat Furance,Lennox,11Y43,EL296DF070XE48B,Unit(S),EL296E,Elite,66000 Btuh,96% AFUE,Downflow,4 Ton,2 Stage Heat,Constant Torque,115 VAC 1 Ph 60 Hz,27.75 Inch,17.5 Inch,33 Inch,149 lbs.,,Yes,Low NOx
https://www.lennoxpros.com/el180uh045xe36a-furnace-gas-45btuh-3t-x/p/10F40,https://images.lennoxpros.com/is/image/LennoxIntl/10F40?$product_related$,https://images.lennoxpros.com/is/image/LennoxIntl/10F40,Lennox EL180UH045XE36A Furnace,"Lennox Elite EL180E, EL180UH045XE36A, 80% AFUE, 44000 BTU, 3 Ton, 1 Stage Heat, Constant Torque Upflow/Horizontal Gas Furnace",Lennox EL180UH045XE36A 1 Stage Heat Furance,Lennox,10F40,EL180UH045XE36A,Unit(S),EL180E,Elite,44000 Btuh,80% AFUE,Upflow/Horizontal,3 Ton,1 Stage Heat,Constant Torque,115 VAC 1 Ph 60 Hz,27.75 Inch,14.5 Inch,33 Inch,111 lbs.,,No,Low NOx
https://www.lennoxpros.com/el180df070e36b-furnace-gas-70btuh-3ton/p/10F48,https://images.lennoxpros.com/is/image/LennoxIntl/10F48?$product_related$,https://images.lennoxpros.com/is/image/LennoxIntl/10F48,Lennox EL180DF070E36B Furnace,"Lennox Elite EL180E, EL180DF070E36B, 80% AFUE, 66000 BTU, 3 Ton, 1 Stage Heat, Constant Torque Downflow Gas Furnace",Lennox EL180DF070E36B 1 Stage Heat Furance,Lennox,10F48,EL180DF070E36B,Unit(S),EL180E,Elite,66000 Btuh,80% AFUE,Downflow,3 Ton,1 Stage Heat,Constant Torque,115 VAC 1 Ph 60 Hz,27.75 Inch,17.5 Inch,33 Inch,128 lbs.,1 Stage Constant Torque Downflow Gas Furnace,No,
https://www.lennoxpros.com/el180uh090e48b-furnace-gas-90btuh-4ton/p/10F36,https://images.lennoxpros.com/is/image/LennoxIntl/10F36?$product_related$,https://images.lennoxpros.com/is/image/LennoxIntl/10F36,Lennox EL180UH090E48B Furnace,"Lennox Elite EL180E, EL180UH090E48B, 80% AFUE, 88000 BTU, 4 Ton, 1 Stage Heat, Constant Torque Upflow/Horizontal Gas Furnace",Lennox EL180UH090E48B 1 Stage Heat Furance,Lennox,10F36,EL180UH090E48B,Unit(S),EL180E,Elite,88000 Btuh,80% AFUE,Upflow/Horizontal,4 Ton,1 Stage Heat,Constant Torque,115 VAC 1 Ph 60 Hz,27.75 Inch,17.5 Inch,33 Inch,142 lbs.,1 Stage Constant Torque Horizontal Gas Furnace,No,
https://www.lennoxpros.com/el180df045e36a-furnace-gas-45btuh-3ton/p/10F47,https://images.lennoxpros.com/is/image/LennoxIntl/10F47?$product_related$,https://images.lennoxpros.com/is/image/LennoxIntl/10F47,Lennox EL180DF045E36A Furnace,"Lennox Elite EL180E, EL180DF045E36A, 80% AFUE, 44000 BTU, 3 Ton, 1 Stage Heat, Constant Torque Downflow Gas Furnace",Lennox EL180DF045E36A 1 Stage Heat Furance,Lennox,10F47,EL180DF045E36A,Unit(S),EL180E,Elite,44000 Btuh,80% AFUE,Downflow,3 Ton,1 Stage Heat,Constant Torque,115 VAC 1 Ph 60 Hz,27.75 Inch,14.5 Inch,33 Inch,113 lbs.,1 Stage Constant Torque Downflow Gas Furnace,No,
https://www.lennoxpros.com/el180uh110e60c-furnace-gas-110btuh-5ton/p/10F38,https://images.lennoxpros.com/is/image/LennoxIntl/10F38?$product_related$,https://images.lennoxpros.com/is/image/LennoxIntl/10F38,Lennox EL180UH110E60C Furnace,"Lennox Elite EL180E, EL180UH110E60C, 80% AFUE, 110000 BTU, 5 Ton, 1 Stage Heat, Constant Torque Upflow/Horizontal Gas Furnace",Lennox EL180UH110E60C 1 Stage Heat Furance,Lennox,10F38,EL180UH110E60C,Unit(S),EL180E,Elite,110000 Btuh,80% AFUE,Upflow/Horizontal,5 Ton,1 Stage Heat,Constant Torque,115 VAC 1 Ph 60 Hz,27.75 Inch,21 Inch,33 Inch,160 lbs.,1 Stage Constant Torque Horizontal Gas Furnace,No,
https://www.lennoxpros.com/el180uh090e60c-furnace-gas-90btuh-5ton/p/10F37,https://images.lennoxpros.com/is/image/LennoxIntl/10F37?$product_related$,https://images.lennoxpros.com/is/image/LennoxIntl/10F37,Lennox EL180UH090E60C Furnace,"Lennox Elite EL180E, EL180UH090E60C, 80% AFUE, 88000 BTU, 5 Ton, 1 Stage Heat, Constant Torque Upflow/Horizontal Gas Furnace",Lennox EL180UH090E60C 1 Stage Heat Furance,Lennox,10F37,EL180UH090E60C,Unit(S),EL180E,Elite,88000 Btuh,80% AFUE,Upflow/Horizontal,5 Ton,1 Stage Heat,Constant Torque,115 VAC 1 Ph 60 Hz,27.75 Inch,21 Inch,33 Inch,152 lbs.,1 Stage Constant Torque Horizontal Gas Furnace,No,
https://www.lennoxpros.com/el280uh110xp60c-furnace-gas-110btuh-5ton/p/62W58,https://images.lennoxpros.com/is/image/LennoxIntl/62W58?$product_related$,https://images.lennoxpros.com/is/image/LennoxIntl/62W58,Lennox EL280UH110XP60C Furnace,"Lennox Elite EL280, EL280UH110XP60C, 80% AFUE, 110000 BTU, 5 Ton, 2 Stage Heat, Multi-Speed Upflow/Horizontal Gas Furnace",Lennox EL280UH110XP60C 2 Stage Heat Furance,Lennox,62W58,EL280UH110XP60C,Unit(S),EL280,Elite,110000 Btuh,80% AFUE,Upflow/Horizontal,5 Ton,2 Stage Heat,Multi-Speed,115 VAC 1 Ph 60 Hz,27.75 Inch,21 Inch,33 Inch,169 lbs.,,No,Low NOx
https://www.lennoxpros.com/el280uh110p60c-furnace-gas-110btuh-5ton/p/62W52,https://images.lennoxpros.com/is/image/LennoxIntl/62W52?$product_related$,https://images.lennoxpros.com/is/image/LennoxIntl/62W52,Lennox EL280UH110P60C Furnace,"Lennox Elite EL280, EL280UH110P60C, 80% AFUE, 110000 BTU, 5 Ton, 2 Stage Heat, Multi-Speed Upflow/Horizontal Gas Furnace",Lennox EL280UH110P60C 2 Stage Heat Furance,Lennox,62W52,EL280UH110P60C,Unit(S),EL280,Elite,110000 Btuh,80% AFUE,Upflow/Horizontal,5 Ton,2 Stage Heat,Multi-Speed,115 VAC 1 Ph 60 Hz,27.75 Inch,21 Inch,33 Inch,169 lbs.,2-Stage Multi-Speed Horizontal Gas Furnace,No,
https://www.lennoxpros.com/el180uh040ne36a-80afue-gas-furnace-40000-btuh-3-ton-ultra-low-nox/p/15F78,https://images.lennoxpros.com/is/image/LennoxIntl/15F78?$product_related$,https://images.lennoxpros.com/is/image/LennoxIntl/15F78,Lennox EL180UH040NE36A Furnace,"Lennox Elite EL180NE, EL180UH040NE36A, 80% AFUE, 40000 BTU, 3 Ton, 1 Stage Heat, Constant Torque Upflow/Horizontal Gas Furnace",Lennox EL180UH040NE36A 1 Stage Heat Furance,Lennox,15F78,EL180UH040NE36A,Unit(S),EL180NE,Elite,40000 Btuh,80% AFUE,Upflow/Horizontal,3 Ton,1 Stage Heat,Constant Torque,115 VAC 1 Ph 60 Hz,27.75 Inch,14.5 Inch,33 Inch,113 lbs.,,No,Ultra-Low NOx
https://www.lennoxpros.com/el280uh090p36b-furnace-gas-90btuh-3ton/p/62W47,https://images.lennoxpros.com/is/image/LennoxIntl/62W47?$product_related$,https://images.lennoxpros.com/is/image/LennoxIntl/62W47,Lennox EL280UH090P36B Furnace,"Lennox Elite EL280, EL280UH090P36B, 80% AFUE, 88000 BTU, 3 Ton, 2 Stage Heat, Multi-Speed Upflow/Horizontal Gas Furnace",Lennox EL280UH090P36B 2 Stage Heat Furance,Lennox,62W47,EL280UH090P36B,Unit(S),EL280,Elite,88000 Btuh,80% AFUE,Upflow/Horizontal,3 Ton,2 Stage Heat,Multi-Speed,115 VAC 1 Ph 60 Hz,27.75 Inch,17.5 Inch,33 Inch,141 lbs.,2-Stage Multi-Speed Horizontal Gas Furnace,No,
https://www.lennoxpros.com/el296df110xv60c-furnace-gas-110btuh-5ton/p/62W98,https://images.lennoxpros.com/is/image/LennoxIntl/62W98?$product_related$,https://images.lennoxpros.com/is/image/LennoxIntl/62W98,Lennox EL296DF110XV60C Furnace,"Lennox Elite EL296V, EL296DF110XV60C, 96% AFUE, 110000 BTU, 5 Ton, 2 Stage Heat, Variable Speed Downflow Gas Furnace",Lennox EL296DF110XV60C 2 Stage Heat Furance,Lennox,62W98,EL296DF110XV60C,Unit(S),EL296V,Elite,110000 Btuh,96% AFUE,Downflow,5 Ton,2 Stage Heat,Variable Speed,115 VAC 1 Ph 60 Hz,27.75 Inch,21 Inch,33 Inch,176 lbs.,,Yes,Low NOx
https://www.lennoxpros.com/el296uh110xv48c-furnace-gas-110btuh-4ton/p/62W92,https://images.lennoxpros.com/is/image/LennoxIntl/62W92?$product_related$,https://images.lennoxpros.com/is/image/LennoxIntl/62W92,Lennox EL296UH110XV48C Furnace,"Lennox Elite EL296V, EL296UH110XV48C, 96% AFUE, 110000 BTU, 4 Ton, 2 Stage Heat, Variable Speed Upflow/Horizontal Gas Furnace",Lennox EL296UH110XV48C 2 Stage Heat Furance,Lennox,62W92,EL296UH110XV48C,Unit(S),EL296V,Elite,110000 Btuh,96% AFUE,Upflow/Horizontal,4 Ton,2 Stage Heat,Variable Speed,115 VAC 1 Ph 60 Hz,27.75 Inch,21 Inch,33 Inch,174 lbs.,,Yes,Low NOx
https://www.lennoxpros.com/el280df110p60c-furnace-gas-110btuh-5ton/p/62W64,https://images.lennoxpros.com/is/image/LennoxIntl/62W64?$product_related$,https://images.lennoxpros.com/is/image/LennoxIntl/62W64,Lennox EL280DF110P60C Furnace,"Lennox Elite EL280, EL280DF110P60C, 80% AFUE, 110000 BTU, 5 Ton, 2 Stage Heat, Multi-Speed Downflow Gas Furnace",Lennox EL280DF110P60C 2 Stage Heat Furance,Lennox,62W64,EL280DF110P60C,Unit(S),EL280,Elite,110000 Btuh,80% AFUE,Downflow,5 Ton,2 Stage Heat,Multi-Speed,115 VAC 1 Ph 60 Hz,27.75 Inch,21 Inch,33 Inch,160 lbs.,2-Stage Multi-Speed Downflow Gas Furnace,No,
https://www.lennoxpros.com/el296df090xv60c-furnace-gas-90btuh-5ton/p/62W97,https://images.lennoxpros.com/is/image/LennoxIntl/62W97?$product_related$,https://images.lennoxpros.com/is/image/LennoxIntl/62W97,Lennox EL296DF090XV60C Furnace,"Lennox Elite EL296V, EL296DF090XV60C, 96% AFUE, 88000 BTU, 5 Ton, 2 Stage Heat, Variable Speed Downflow Gas Furnace",Lennox EL296DF090XV60C 2 Stage Heat Furance,Lennox,62W97,EL296DF090XV60C,Unit(S),EL296V,Elite,88000 Btuh,96% AFUE,Downflow,5 Ton,2 Stage Heat,Variable Speed,115 VAC 1 Ph 60 Hz,27.75 Inch,21 Inch,33 Inch,166 lbs.,,Yes,Low NOx
https://www.lennoxpros.com/el296df045xv36b-furnace-gas-45btuh-3ton/p/62W95,https://images.lennoxpros.com/is/image/LennoxIntl/62W95?$product_related$,https://images.lennoxpros.com/is/image/LennoxIntl/62W95,Lennox EL296DF045XV36B Furnace,"Lennox Elite EL296V, EL296DF045XV36B, 96% AFUE, 44000 BTU, 3 Ton, 2 Stage Heat, Variable Speed Downflow Gas Furnace",Lennox EL296DF045XV36B 2 Stage Heat Furance,Lennox,62W95,EL296DF045XV36B,Unit(S),EL296V,Elite,44000 Btuh,96% AFUE,Downflow,3 Ton,2 Stage Heat,Variable Speed,115 VAC 1 Ph 60 Hz,27.75 Inch,17.5 Inch,33 Inch,131 lbs.,,Yes,Low NOx
https://www.lennoxpros.com/el296uh070xe36b-furnace-gas-70btuh-3t/p/11Y42,https://images.lennoxpros.com/is/image/LennoxIntl/11Y42?$product_related$,https://images.lennoxpros.com/is/image/LennoxIntl/11Y42,Lennox EL296UH070XE36B Furnace,"Lennox Elite EL296E, EL296UH070XE36B, 96% AFUE, 66000 BTU, 3 Ton, 2 Stage Heat, Constant Torque Upflow/Horizontal Gas Furnace",Lennox EL296UH070XE36B 2 Stage Heat Furance,Lennox,11Y42,EL296UH070XE36B,Unit(S),EL296E,Elite,66000 Btuh,96% AFUE,Upflow/Horizontal,3 Ton,2 Stage Heat,Constant Torque,115 VAC 1 Ph 60 Hz,27.75 Inch,17.5 Inch,33 Inch,137 lbs.,,Yes,Low NOx
https://www.lennoxpros.com/el195df070xe48b-furnace-gas-70btuh-4ton/p/79W81,https://images.lennoxpros.com/is/image/LennoxIntl/79W81?$product_related$,https://images.lennoxpros.com/is/image/LennoxIntl/79W81,Lennox EL195DF070XE48B Furnace,"Lennox Elite EL195E, EL195DF070XE48B, 95% AFUE, 66000 BTU, 4 Ton, 1 Stage Heat, Constant Torque Downflow Gas Furnace",Lennox EL195DF070XE48B 1 Stage Heat Furance,Lennox,79W81,EL195DF070XE48B,Unit(S),EL195E,Elite,66000 Btuh,95% AFUE,Downflow,4 Ton,1 Stage Heat,Constant Torque,115 VAC 1 Ph 60 Hz,27.75 Inch,17.5 Inch,33 Inch,146 lbs.,,No,Low NOx
https://www.lennoxpros.com/el195uh045xe24b-furnace-gas-45btuh-2t/p/13V40,https://images.lennoxpros.com/is/image/LennoxIntl/13V40?$product_related$,https://images.lennoxpros.com/is/image/LennoxIntl/13V40,Lennox EL195UH045XE24B Furnace,"Lennox Elite EL195E, EL195UH045XE24B, 95% AFUE, 44000 BTU, 3 Ton, 1 Stage Heat, Constant Torque Upflow/Horizontal Gas Furnace",Lennox EL195UH045XE24B 1 Stage Heat Furance,Lennox,13V40,EL195UH045XE24B,Unit(S),EL195E,Elite,44000 Btuh,95% AFUE,Upflow/Horizontal,3 Ton,1 Stage Heat,Constant Torque,115 VAC 1 Ph 60 Hz,27.75 Inch,17.5 Inch,33 Inch,129 lbs.,,Yes,Low NOx
https://www.lennoxpros.com/el296uh110xe60c-furnace-gas-110btuh-5t/p/96W29,https://images.lennoxpros.com/is/image/LennoxIntl/96W29?$product_related$,https://images.lennoxpros.com/is/image/LennoxIntl/96W29,Lennox EL296UH110XE60C Furnace,"Lennox Elite EL296E, EL296UH110XE60C, 96% AFUE, 110000 BTU, 5 Ton, 2 Stage Heat, Constant Torque Upflow/Horizontal Gas Furnace",Lennox EL296UH110XE60C 2 Stage Heat Furance,Lennox,96W29,EL296UH110XE60C,Unit(S),EL296E,Elite,110000 Btuh,96% AFUE,Upflow/Horizontal,5 Ton,2 Stage Heat,Constant Torque,115 VAC 1 Ph 60 Hz,27.75 Inch,21 Inch,33 Inch,170 lbs.,,Yes,Low NOx
https://www.lennoxpros.com/el296uh090xe48c-furnace-gas-90btuh-4t/p/96W28,https://images.lennoxpros.com/is/image/LennoxIntl/96W28?$product_related$,https://images.lennoxpros.com/is/image/LennoxIntl/96W28,Lennox EL296UH090XE48C Furnace,"Lennox Elite EL296E, EL296UH090XE48C, 96% AFUE, 88000 BTU, 4 Ton, 2 Stage Heat, Constant Torque Upflow/Horizontal Gas Furnace",Lennox EL296UH090XE48C 2 Stage Heat Furance,Lennox,96W28,EL296UH090XE48C,Unit(S),EL296E,Elite,88000 Btuh,96% AFUE,Upflow/Horizontal,4 Ton,2 Stage Heat,Constant Torque,115 VAC 1 Ph 60 Hz,27.75 Inch,21 Inch,33 Inch,160 lbs.,,Yes,Low NOx
https://www.lennoxpros.com/el296df110xe60c-furnace-gas-110btuh-5t/p/96W34,https://images.lennoxpros.com/is/image/LennoxIntl/96W34?$product_related$,https://images.lennoxpros.com/is/image/LennoxIntl/96W34,Lennox EL296DF110XE60C Furnace,"Lennox Elite EL296E, EL296DF110XE60C, 96% AFUE, 110000 BTU, 5 Ton, 2 Stage Heat, Constant Torque Downflow Gas Furnace",Lennox EL296DF110XE60C 2 Stage Heat Furance,Lennox,96W34,EL296DF110XE60C,Unit(S),EL296E,Elite,110000 Btuh,96% AFUE,Downflow,5 Ton,2 Stage Heat,Constant Torque,115 VAC 1 Ph 60 Hz,27.75 Inch,21 Inch,33 Inch,174 lbs.,,Yes,Low NOx
https://www.lennoxpros.com/el296uh135xe60d-furnace-gas-135btuh-5t/p/96W30,https://images.lennoxpros.com/is/image/LennoxIntl/96W30?$product_related$,https://images.lennoxpros.com/is/image/LennoxIntl/96W30,Lennox EL296UH135XE60D Furnace,"Lennox Elite EL296E, EL296UH135XE60D, 96% AFUE, 132000 BTU, 5 Ton, 2 Stage Heat, Constant Torque Upflow/Horizontal Gas Furnace",Lennox EL296UH135XE60D 2 Stage Heat Furance,Lennox,96W30,EL296UH135XE60D,Unit(S),EL296E,Elite,132000 Btuh,96% AFUE,Upflow/Horizontal,5 Ton,2 Stage Heat,Constant Torque,115 VAC 1 Ph 60 Hz,27.75 Inch,24.5 Inch,33 Inch,187 lbs.,,Yes,Low NOx
https://www.lennoxpros.com/el195df045xe36b-furnace-gas-45btuh-3ton/p/81W31,https://images.lennoxpros.com/is/image/LennoxIntl/81W31?$product_related$,https://images.lennoxpros.com/is/image/LennoxIntl/81W31,Lennox EL195DF045XE36B Furnace,"Lennox Elite EL195E, EL195DF045XE36B, 95% AFUE, 44000 BTU, 3 Ton, 1 Stage Heat, Constant Torque Downflow Gas Furnace",Lennox EL195DF045XE36B 1 Stage Heat Furance,Lennox,81W31,EL195DF045XE36B,Unit(S),EL195E,Elite,44000 Btuh,95% AFUE,Downflow,3 Ton,1 Stage Heat,Constant Torque,115 VAC 1 Ph 60 Hz,27.75 Inch,17.5 Inch,33 Inch,131 lbs.,,No,Low NOx
https://www.lennoxpros.com/el296uh045xe36b-furnace-gas-45btuh-3t/p/96W26,https://images.lennoxpros.com/is/image/LennoxIntl/96W26?$product_related$,https://images.lennoxpros.com/is/image/LennoxIntl/96W26,Lennox EL296UH045XE36B Furnace,"Lennox Elite EL296E, EL296UH045XE36B, 96% AFUE, 44000 BTU, 3 Ton, 2 Stage Heat, Constant Torque Upflow/Horizontal Gas Furnace",Lennox EL296UH045XE36B 2 Stage Heat Furance,Lennox,96W26,EL296UH045XE36B,Unit(S),EL296E,Elite,44000 Btuh,96% AFUE,Upflow/Horizontal,3 Ton,2 Stage Heat,Constant Torque,115 VAC 1 Ph 60 Hz,27.75 Inch,17.5 Inch,33 Inch,129 lbs.,,Yes,Low NOx
https://www.lennoxpros.com/el195df090xe48c-furnace-gas-90btuh-4ton/p/79W82,https://images.lennoxpros.com/is/image/LennoxIntl/79W82?$product_related$,https://images.lennoxpros.com/is/image/LennoxIntl/79W82,Lennox EL195DF090XE48C Furnace,"Lennox Elite EL195E, EL195DF090XE48C, 95% AFUE, 88000 BTU, 4 Ton, 1 Stage Heat, Constant Torque Downflow Gas Furnace",Lennox EL195DF090XE48C 1 Stage Heat Furance,Lennox,79W82,EL195DF090XE48C,Unit(S),EL195E,Elite,88000 Btuh,95% AFUE,Downflow,4 Ton,1 Stage Heat,Constant Torque,115 VAC 1 Ph 60 Hz,27.75 Inch,21 Inch,33 Inch,162 lbs.,,No,Low NOx
https://www.lennoxpros.com/el196uh110xe60c-furnace-gas-110btuh-5/p/16J06,https://images.lennoxpros.com/is/image/LennoxIntl/16J06?$product_related$,https://images.lennoxpros.com/is/image/LennoxIntl/16J06,Lennox EL196UH110XE60C Furnace,"Lennox Elite EL196E, EL196UH110XE60C, 96% AFUE, 110000 BTU, 5 Ton, 1 Stage Heat, Constant Torque Upflow/Horizontal Gas Furnace",Lennox EL196UH110XE60C 1 Stage Heat Furance,Lennox,16J06,EL196UH110XE60C,Unit(S),EL196E,Elite,110000 Btuh,96% AFUE,Upflow/Horizontal,5 Ton,1 Stage Heat,Constant Torque,115 VAC 1 Ph 60 Hz,27.75 Inch,21 Inch,33 Inch,168 lbs.,,Yes,Low NOx
https://www.lennoxpros.com/el280uh110xe60c-80afue-gas-furnace/p/17D33,https://images.lennoxpros.com/is/image/LennoxIntl/17D33?$product_related$,https://images.lennoxpros.com/is/image/LennoxIntl/17D33,Lennox EL280UH110XE60C Furnace,"Lennox Elite EL280E, EL280UH110XE60C, 80% AFUE, 110000 BTU, 5 Ton, 2 Stage Heat, Constant Torque Upflow/Horizontal Gas Furnace",Lennox EL280UH110XE60C 2 Stage Heat Furance,Lennox,17D33,EL280UH110XE60C,Unit(S),EL280E,Elite,110000 Btuh,80% AFUE,Upflow/Horizontal,5 Ton,2 Stage Heat,Constant Torque,115 VAC 1 Ph 60 Hz,27.75 Inch,21 Inch,33 Inch,156 lbs.,,No,Low NOx
https://www.lennoxpros.com/el196uh045xe36b-furnace-gas-45btuh-3t/p/16J03,https://images.lennoxpros.com/is/image/LennoxIntl/16J03?$product_related$,https://images.lennoxpros.com/is/image/LennoxIntl/16J03,Lennox EL196UH045XE36B Furnace,"Lennox Elite EL196E, EL196UH045XE36B, 96% AFUE, 44000 BTU, 3 Ton, 1 Stage Heat, Constant Torque Upflow/Horizontal Gas Furnace",Lennox EL196UH045XE36B 1 Stage Heat Furance,Lennox,16J03,EL196UH045XE36B,Unit(S),EL196E,Elite,44000 Btuh,96% AFUE,Upflow/Horizontal,3 Ton,1 Stage Heat,Constant Torque,115 VAC 1 Ph 60 Hz,27.75 Inch,17.5 Inch,33 Inch,129 lbs.,,Yes,Low NOx
https://www.lennoxpros.com/el196uh030xe24b-furnace-gas-30btuh-2t/p/16J01,https://images.lennoxpros.com/is/image/LennoxIntl/16J01?$product_related$,https://images.lennoxpros.com/is/image/LennoxIntl/16J01,Lennox EL196UH030XE24B Furnace,"Lennox Elite EL196E, EL196UH030XE24B, 96% AFUE, 30000 BTU, 2 Ton, 1 Stage Heat, Constant Torque Upflow/Horizontal Gas Furnace",Lennox EL196UH030XE24B 1 Stage Heat Furance,Lennox,16J01,EL196UH030XE24B,Unit(S),EL196E,Elite,30000 Btuh,96% AFUE,Upflow/Horizontal,2 Ton,1 Stage Heat,Constant Torque,115 VAC 1 Ph 60 Hz,27.75 Inch,17.5 Inch,33 Inch,129 lbs.,,Yes,Low NOx
https://www.lennoxpros.com/el196uh045xe24b-furnace-gas-45btuh-2t/p/16J02,https://images.lennoxpros.com/is/image/LennoxIntl/16J02?$product_related$,https://images.lennoxpros.com/is/image/LennoxIntl/16J02,Lennox EL196UH045XE24B Furnace,"Lennox Elite EL196E, EL196UH045XE24B, 96% AFUE, 44000 BTU, 2 Ton, 1 Stage Heat, Constant Torque Upflow/Horizontal Gas Furnace",Lennox EL196UH045XE24B 1 Stage Heat Furance,Lennox,16J02,EL196UH045XE24B,Unit(S),EL196E,Elite,44000 Btuh,96% AFUE,Upflow/Horizontal,2 Ton,1 Stage Heat,Constant Torque,115 VAC 1 Ph 60 Hz,27.75 Inch,17.5 Inch,33 Inch,129 lbs.,,Yes,Low NOx
https://www.lennoxpros.com/el196df090xe48c-96afue-gas-furnace-4-ton/p/16J09,https://images.lennoxpros.com/is/image/LennoxIntl/16J09?$product_related$,https://images.lennoxpros.com/is/image/LennoxIntl/16J09,Lennox EL196DF090XE48C Furnace,"Lennox Elite EL196E, EL196DF090XE48C, 96% AFUE, 88000 BTU, 4 Ton, 1 Stage Heat, Constant Torque Downflow Gas Furnace",Lennox EL196DF090XE48C 1 Stage Heat Furance,Lennox,16J09,EL196DF090XE48C,Unit(S),EL196E,Elite,88000 Btuh,96% AFUE,Downflow,4 Ton,1 Stage Heat,Constant Torque,115 VAC 1 Ph 60 Hz,27.75 Inch,21 Inch,33 Inch,160 lbs.,,Yes,Low NOx
https://www.lennoxpros.com/lennox-gas-furnace-elite-series-el196uh030xe36b/p/19V26,https://images.lennoxpros.com/is/image/LennoxIntl/19V26?$product_related$,https://images.lennoxpros.com/is/image/LennoxIntl/19V26,Lennox EL196UH030XE36B Furnace,"Lennox Elite EL196E, EL196UH030XE36B, 96% AFUE, 30000 BTU, 2 Ton, 1 Stage Heat, Constant Torque Upflow/Horizontal Gas Furnace",Lennox EL196UH030XE36B 1 Stage Heat Furance,Lennox,19V26,EL196UH030XE36B,Unit(S),EL196E,Elite,30000 Btuh,96% AFUE,Upflow/Horizontal,2 Ton,1 Stage Heat,Constant Torque,115 VAC 1 Ph 60 Hz,29.25 Inch,17.5 Inch,33 Inch,129 lbs.,,Yes,Low NOx
https://www.lennoxpros.com/el195uh040ne36b-95afue-ultra-low-nox-gas-furnace-3-ton/p/15Y70,https://images.lennoxpros.com/is/image/LennoxIntl/15Y70?$product_related$,https://images.lennoxpros.com/is/image/LennoxIntl/15Y70,Lennox EL195UH040NE36B Furnace,"Lennox Elite EL195NE, EL195UH040NE36B, 95% AFUE, 40000 BTU, 3 Ton, 1 Stage Heat, Constant Torque Upflow/Horizontal Gas Furnace",Lennox EL195UH040NE36B 1 Stage Heat Furance,Lennox,15Y70,EL195UH040NE36B,Unit(S),EL195NE,Elite,40000 Btuh,95% AFUE,Upflow/Horizontal,3 Ton,1 Stage Heat,Constant Torque,115 VAC 1 Ph 60 Hz,27.75 Inch,17.5 Inch,33 Inch,122 lbs.,,Yes,Ultra-Low NOx
https://www.lennoxpros.com/el195uh045xe36b-furnace-gas-45btuh-3t/p/13H16,https://images.lennoxpros.com/is/image/LennoxIntl/13H16?$product_related$,https://images.lennoxpros.com/is/image/LennoxIntl/13H16,Lennox EL195UH045XE36B Furnace,"Lennox Elite EL195E, EL195UH045XE36B, 95% AFUE, 44000 BTU, 3 Ton, 1 Stage Heat, Constant Torque Upflow/Horizontal Gas Furnace",Lennox EL195UH045XE36B 1 Stage Heat Furance,Lennox,13H16,EL195UH045XE36B,Unit(S),EL195E,Elite,44000 Btuh,95% AFUE,Upflow/Horizontal,3 Ton,1 Stage Heat,Constant Torque,115 VAC 1 Ph 60 Hz,27.75 Inch,17.5 Inch,33 Inch,129 lbs.,,Yes,Low NOx
https://www.lennoxpros.com/el195uh030xe24b-furnace-gas-30btuh-2t/p/13V41,https://images.lennoxpros.com/is/image/LennoxIntl/13V41?$product_related$,https://images.lennoxpros.com/is/image/LennoxIntl/13V41,Lennox EL195UH030XE24B Furnace,"Lennox Elite EL195E, EL195UH030XE24B, 95% AFUE, 30000 BTU, 2 Ton, 1 Stage Heat, Constant Torque Upflow/Horizontal Gas Furnace",Lennox EL195UH030XE24B 1 Stage Heat Furance,Lennox,13V41,EL195UH030XE24B,Unit(S),EL195E,Elite,30000 Btuh,95% AFUE,Upflow/Horizontal,2 Ton,1 Stage Heat,Constant Torque,115 VAC 1 Ph 60 Hz,27.75 Inch,17.5 Inch,33 Inch,129 lbs.,,Yes,Low NOx
https://www.lennoxpros.com/el195uh110xe60c-furnace-gas-110btuh-5/p/13H19,https://images.lennoxpros.com/is/image/LennoxIntl/13H19?$product_related$,https://images.lennoxpros.com/is/image/LennoxIntl/13H19,Lennox EL195UH110XE60C Furnace,"Lennox Elite EL195E, EL195UH110XE60C, 95% AFUE, 110000 BTU, 5 Ton, 1 Stage Heat, Constant Torque Upflow/Horizontal Gas Furnace",Lennox EL195UH110XE60C 1 Stage Heat Furance,Lennox,13H19,EL195UH110XE60C,Unit(S),EL195E,Elite,110000 Btuh,95% AFUE,Upflow/Horizontal,5 Ton,1 Stage Heat,Constant Torque,115 VAC 1 Ph 60 Hz,27.75 Inch,21 Inch,33 Inch,170 lbs.,,Yes,Low NOx
https://www.lennoxpros.com/el280uh090e36b-80afue-gas-furnace/p/17D36,https://images.lennoxpros.com/is/image/LennoxIntl/17D36?$product_related$,https://images.lennoxpros.com/is/image/LennoxIntl/17D36,Lennox EL280UH090E36B Furnace,"Lennox Elite EL280E, EL280UH090E36B, 80% AFUE, 88000 BTU, 3 Ton, 2 Stage Heat, Constant Torque Upflow/Horizontal Gas Furnace",Lennox EL280UH090E36B 2 Stage Heat Furance,Lennox,17D36,EL280UH090E36B,Unit(S),EL280E,Elite,88000 Btuh,80% AFUE,Upflow/Horizontal,3 Ton,2 Stage Heat,Constant Torque,115 VAC 1 Ph 60 Hz,27.75 Inch,17.5 Inch,33 Inch,136 lbs.,2 Stage Constant Torque Horizontal Gas Furnace,No,
https://www.lennoxpros.com/el280uh070e36a-80afue-gas-furnace/p/17D37,https://images.lennoxpros.com/is/image/LennoxIntl/17D37?$product_related$,https://images.lennoxpros.com/is/image/LennoxIntl/17D37,Lennox EL280UH070E36A Furnace,"Lennox Elite EL280E, EL280UH070E36A, 80% AFUE, 66000 BTU, 3 Ton, 2 Stage Heat, Constant Torque Upflow/Horizontal Gas Furnace",Lennox EL280UH070E36A 2 Stage Heat Furance,Lennox,17D37,EL280UH070E36A,Unit(S),EL280E,Elite,66000 Btuh,80% AFUE,Upflow/Horizontal,3 Ton,2 Stage Heat,Constant Torque,115 VAC 1 Ph 60 Hz,27.75 Inch,14.5 Inch,33 Inch,121 lbs.,2 Stage Constant Torque Horizontal Gas Furnace,No,
https://www.lennoxpros.com/el280df070e36a-80afue-gas-furnace/p/17D41,https://images.lennoxpros.com/is/image/LennoxIntl/17D41?$product_related$,https://images.lennoxpros.com/is/image/LennoxIntl/17D41,Lennox EL280DF070E36A Furnace,"Lennox Elite EL280E, EL280DF070E36A, 80% AFUE, 66000 BTU, 3 Ton, 2 Stage Heat, Constant Torque Downflow Gas Furnace",Lennox EL280DF070E36A 2 Stage Heat Furance,Lennox,17D41,EL280DF070E36A,Unit(S),EL280E,Elite,66000 Btuh,80% AFUE,Downflow,3 Ton,2 Stage Heat,Constant Torque,115 VAC 1 Ph 60 Hz,27.75 Inch,14.5 Inch,33 Inch,123 lbs.,2 Stage Constant Torque Downflow Gas Furnace,No,
https://www.lennoxpros.com/el280uh110e60c-80afue-gas-furnace/p/17D31,https://images.lennoxpros.com/is/image/LennoxIntl/17D31?$product_related$,https://images.lennoxpros.com/is/image/LennoxIntl/17D31,Lennox EL280UH110E60C Furnace,"Lennox Elite EL280E, EL280UH110E60C, 80% AFUE, 110000 BTU, 5 Ton, 2 Stage Heat, Constant Torque Upflow/Horizontal Gas Furnace",Lennox EL280UH110E60C 2 Stage Heat Furance,Lennox,17D31,EL280UH110E60C,Unit(S),EL280E,Elite,110000 Btuh,80% AFUE,Upflow/Horizontal,5 Ton,2 Stage Heat,Constant Torque,115 VAC 1 Ph 60 Hz,27.75 Inch,21 Inch,33 Inch,156 lbs.,2 Stage Constant Torque Horizontal Gas Furnace,No,
https://www.lennoxpros.com/el280uh045e36a-80afue-gas-furnace/p/17D39,https://images.lennoxpros.com/is/image/LennoxIntl/17D39?$product_related$,https://images.lennoxpros.com/is/image/LennoxIntl/17D39,Lennox EL280UH045E36A Furnace,"Lennox Elite EL280E, EL280UH045E36A, 80% AFUE, 44000 BTU, 3 Ton, 2 Stage Heat, Constant Torque Upflow/Horizontal Gas Furnace",Lennox EL280UH045E36A 2 Stage Heat Furance,Lennox,17D39,EL280UH045E36A,Unit(S),EL280E,Elite,44000 Btuh,80% AFUE,Upflow/Horizontal,3 Ton,2 Stage Heat,Constant Torque,115 VAC 1 Ph 60 Hz,27.75 Inch,14.5 Inch,33 Inch,111 lbs.,2 Stage Constant Torque Horizontal Gas Furnace,No,
https://www.lennoxpros.com/el280uh110e48c-80afue-gas-furnace/p/17D32,https://images.lennoxpros.com/is/image/LennoxIntl/17D32?$product_related$,https://images.lennoxpros.com/is/image/LennoxIntl/17D32,Lennox EL280UH110E48C Furnace,"Lennox Elite EL280E, EL280UH110E48C, 80% AFUE, 110000 BTU, 4 Ton, 2 Stage Heat, Constant Torque Upflow/Horizontal Gas Furnace",Lennox EL280UH110E48C 2 Stage Heat Furance,Lennox,17D32,EL280UH110E48C,Unit(S),EL280E,Elite,110000 Btuh,80% AFUE,Upflow/Horizontal,4 Ton,2 Stage Heat,Constant Torque,115 VAC 1 Ph 60 Hz,27.75 Inch,21 Inch,33 Inch,152 lbs.,2 Stage Constant Torque Horizontal Gas Furnace,No,
https://www.lennoxpros.com/el280uh070xe36a-80afue-gas-furnace/p/17D38,https://images.lennoxpros.com/is/image/LennoxIntl/17D38?$product_related$,https://images.lennoxpros.com/is/image/LennoxIntl/17D38,Lennox EL280UH070XE36A Furnace,"Lennox Elite EL280E, EL280UH070XE36A, 80% AFUE, 66000 BTU, 3 Ton, 2 Stage Heat, Constant Torque Upflow/Horizontal Gas Furnace",Lennox EL280UH070XE36A 2 Stage Heat Furance,Lennox,17D38,EL280UH070XE36A,Unit(S),EL280E,Elite,66000 Btuh,80% AFUE,Upflow/Horizontal,3 Ton,2 Stage Heat,Constant Torque,115 VAC 1 Ph 60 Hz,27.75 Inch,14.5 Inch,33 Inch,121 lbs.,,No,Low NOx
https://www.lennoxpros.com/el280df090e48b-80afue-gas-furnace/p/17D40,https://images.lennoxpros.com/is/image/LennoxIntl/17D40?$product_related$,https://images.lennoxpros.com/is/image/LennoxIntl/17D40,Lennox EL280DF090E48B Furnace,"Lennox Elite EL280E, EL280DF090E48B, 80% AFUE, 88000 BTU, 4 Ton, 2 Stage Heat, Constant Torque Downflow Gas Furnace",Lennox EL280DF090E48B 2 Stage Heat Furance,Lennox,17D40,EL280DF090E48B,Unit(S),EL280E,Elite,88000 Btuh,80% AFUE,Downflow,4 Ton,2 Stage Heat,Constant Torque,115 VAC 1 Ph 60 Hz,27.75 Inch,17.5 Inch,33 Inch,142 lbs.,2 Stage Constant Torque Downflow Gas Furnace,No,
https://www.lennoxpros.com/el196uh090xe48c-furnace-gas-90btuh-4ton/p/16J05,https://images.lennoxpros.com/is/image/LennoxIntl/16J05?$product_related$,https://images.lennoxpros.com/is/image/LennoxIntl/16J05,Lennox EL196UH090XE48C Furnace,"Lennox Elite EL196E, EL196UH090XE48C, 96% AFUE, 88000 BTU, 4 Ton, 1 Stage Heat, Constant Torque Upflow/Horizontal Gas Furnace",Lennox EL196UH090XE48C 1 Stage Heat Furance,Lennox,16J05,EL196UH090XE48C,Unit(S),EL196E,Elite,88000 Btuh,96% AFUE,Upflow/Horizontal,4 Ton,1 Stage Heat,Constant Torque,115 VAC 1 Ph 60 Hz,27.75 Inch,21 Inch,33 Inch,160 lbs.,,Yes,Low NOx
https://www.lennoxpros.com/el196uh070xe36b-furnace-gas-70btuh-3ton/p/16J04,https://images.lennoxpros.com/is/image/LennoxIntl/16J04?$product_related$,https://images.lennoxpros.com/is/image/LennoxIntl/16J04,Lennox EL196UH070XE36B Furnace,"Lennox Elite EL196E, EL196UH070XE36B, 96% AFUE, 66000 BTU, 3 Ton, 1 Stage Heat, Constant Torque Upflow/Horizontal Gas Furnace",Lennox EL196UH070XE36B 1 Stage Heat Furance,Lennox,16J04,EL196UH070XE36B,Unit(S),EL196E,Elite,66000 Btuh,96% AFUE,Upflow/Horizontal,3 Ton,1 Stage Heat,Constant Torque,115 VAC 1 Ph 60 Hz,27.75 Inch,17.5 Inch,33 Inch,131 lbs.,,Yes,Low NOx
https://www.lennoxpros.com/el280uh090xe48b-80afue-gas-furnace/p/17D35,https://images.lennoxpros.com/is/image/LennoxIntl/17D35?$product_related$,https://images.lennoxpros.com/is/image/LennoxIntl/17D35,Lennox EL280UH090XE48B Furnace,"Lennox Elite EL280E, EL280UH090XE48B, 80% AFUE, 88000 BTU, 4 Ton, 2 Stage Heat, Constant Torque Upflow/Horizontal Gas Furnace",Lennox EL280UH090XE48B 2 Stage Heat Furance,Lennox,17D35,EL280UH090XE48B,Unit(S),EL280E,Elite,88000 Btuh,80% AFUE,Upflow/Horizontal,4 Ton,2 Stage Heat,Constant Torque,115 VAC 1 Ph 60 Hz,27.75 Inch,17.5 Inch,33 Inch,140 lbs.,,No,Low NOx
https://www.lennoxpros.com/el297df045xe36b-45btuh3t/p/24X65,https://images.lennoxpros.com/is/image/LennoxIntl/24X65?$product_related$,https://images.lennoxpros.com/is/image/LennoxIntl/24X65,Lennox EL297DF045XE36B Furnace,"Lennox Elite EL297DFE, EL297DF045XE36B, 97% AFUE, 44000 BTU, 3 Ton, 2 Stage, Constant Torque Downflow Low Nox Gas Furnace",Lennox EL297DF045XE36B 2 Stage Furance,Lennox,24X65,EL297DF045XE36B,Unit(S),EL297DFE,Elite,44000 Btuh,97% AFUE,Downflow,3 Ton,2 Stage,Constant Torque,115 VAC 1 Ph 60 Hz,27.75 Inch,17.5 Inch,33 Inch,131 lbs.,2-Stage Constant Torque Downflow Gas Furnace,Yes,Low Nox
https://www.lennoxpros.com/el180uh080ne48b-80afue-gas-furnace-80000-btuh-4-ton-ultra-low-nox/p/15F80,https://images.lennoxpros.com/is/image/LennoxIntl/15F80?$product_related$,https://images.lennoxpros.com/is/image/LennoxIntl/15F80,Lennox EL180UH080NE48B Furnace,"Lennox Elite EL180NE, EL180UH080NE48B, 80% AFUE, 80000 BTU, 4 Ton, 1 Stage Heat, Constant Torque Upflow/Horizontal Gas Furnace",Lennox EL180UH080NE48B 1 Stage Heat Furance,Lennox,15F80,EL180UH080NE48B,Unit(S),EL180NE,Elite,80000 Btuh,80% AFUE,Upflow/Horizontal,4 Ton,1 Stage Heat,Constant Torque,115 VAC 1 Ph 60 Hz,27.75 Inch,17.5 Inch,33 Inch,125 lbs.,,No,Ultra-Low NOx
https://www.lennoxpros.com/ml180uh045v36a-gas-furnace/p/17Y68,https://images.lennoxpros.com/is/image/LennoxIntl/17Y68?$product_related$,https://images.lennoxpros.com/is/image/LennoxIntl/17Y68,Lennox ML180UH045V36A Furnace,"Lennox Merit ML180V, ML180UH045V36A, 80% AFUE, 44000 BTU, 3 Ton, 1 Stage Heat, Variable Speed Upflow/Horizontal Gas Furnace",Lennox ML180UH045V36A 1 Stage Heat Furance,Lennox,17Y68,ML180UH045V36A,Unit(S),ML180V,Merit,44000 Btuh,80% AFUE,Upflow/Horizontal,3 Ton,1 Stage Heat,Variable Speed,115 VAC 1 Ph 60 Hz,27.75 Inch,14.5 Inch,33 Inch,104 lbs.,1-Stage Variable Speed Horizontal Gas Furnace,No,
https://www.lennoxpros.com/ml180uh030v36a-gas-furnace/p/17Y66,https://images.lennoxpros.com/is/image/LennoxIntl/17Y66?$product_related$,https://images.lennoxpros.com/is/image/LennoxIntl/17Y66,Lennox ML180UH030V36A Furnace,"Lennox Merit ML180V, ML180UH030V36A, 80% AFUE, 30000 BTU, 3 Ton, 1 Stage Heat, Variable Speed Upflow/Horizontal Gas Furnace",Lennox ML180UH030V36A 1 Stage Heat Furance,Lennox,17Y66,ML180UH030V36A,Unit(S),ML180V,Merit,30000 Btuh,80% AFUE,Upflow/Horizontal,3 Ton,1 Stage Heat,Variable Speed,115 VAC 1 Ph 60 Hz,27.75 Inch,14.5 Inch,33 Inch,103 lbs.,1-Stage Variable Speed Horizontal Gas Furnace,No,
https://www.lennoxpros.com/ml180uh070v36b-gas-furnace/p/17Y71,https://images.lennoxpros.com/is/image/LennoxIntl/17Y71?$product_related$,https://images.lennoxpros.com/is/image/LennoxIntl/17Y71,Lennox ML180UH070V36B Furnace,"Lennox Merit ML180V, ML180UH070V36B, 80% AFUE, 66000 BTU, 3 Ton, 1 Stage Heat, Variable Speed Upflow/Horizontal Gas Furnace",Lennox ML180UH070V36B 1 Stage Heat Furance,Lennox,17Y71,ML180UH070V36B,Unit(S),ML180V,Merit,66000 Btuh,80% AFUE,Upflow/Horizontal,3 Ton,1 Stage Heat,Variable Speed,115 VAC 1 Ph 60 Hz,27.75 Inch,17.5 Inch,33 Inch,117 lbs.,1-Stage Variable Speed Horizontal Gas Furnace,No,
https://www.lennoxpros.com/ml180uh090v48b-gas-furnace/p/17Y75,https://images.lennoxpros.com/is/image/LennoxIntl/17Y75?$product_related$,https://images.lennoxpros.com/is/image/LennoxIntl/17Y75,Lennox ML180UH090V48B Furnace,"Lennox Merit ML180V, ML180UH090V48B, 80% AFUE, 88000 BTU, 4 Ton, 1 Stage Heat, Variable Speed Upflow/Horizontal Gas Furnace",Lennox ML180UH090V48B 1 Stage Heat Furance,Lennox,17Y75,ML180UH090V48B,Unit(S),ML180V,Merit,88000 Btuh,80% AFUE,Upflow/Horizontal,4 Ton,1 Stage Heat,Variable Speed,115 VAC 1 Ph 60 Hz,27.75 Inch,17.5 Inch,33 Inch,134 lbs.,1-Stage Variable Speed Horizontal Gas Furnace,No,
https://www.lennoxpros.com/ml296df090xv60c-96afue-gas-furnace/p/17H16,https://images.lennoxpros.com/is/image/LennoxIntl/17H16?$product_related$,https://images.lennoxpros.com/is/image/LennoxIntl/17H16,Lennox ML296DF090XV60C Furnace,"Lennox Merit ML296V, ML296DF090XV60C, 96% AFUE, 88000 BTU, 5 Ton, 2 Stage Heat, Variable Speed Downflow Gas Furnace",Lennox ML296DF090XV60C 2 Stage Heat Furance,Lennox,17H16,ML296DF090XV60C,Unit(S),ML296V,Merit,88000 Btuh,96% AFUE,Downflow,5 Ton,2 Stage Heat,Variable Speed,115 VAC 1 Ph 60 Hz,27.75 Inch,21 Inch,33 Inch,166 lbs.,,Yes,Low NOx
https://www.lennoxpros.com/ml193df090xe48c-93afue-downflow-gas-furnace/p/17A63,https://images.lennoxpros.com/is/image/LennoxIntl/17A63?$product_related$,https://images.lennoxpros.com/is/image/LennoxIntl/17A63,Lennox ML193DF090XE48C Furnace,"Lennox Merit ML193E, ML193DF090XE48C, 93% AFUE, 88000 BTU, 4 Ton, 1 Stage Heat, Constant Torque Downflow Gas Furnace",Lennox ML193DF090XE48C 1 Stage Heat Furance,Lennox,17A63,ML193DF090XE48C,Unit(S),ML193DFE,Merit,88000 Btuh,93% AFUE,Downflow,4 Ton,1 Stage Heat,Constant Torque,115 VAC 1 Ph 60 Hz,27.75 Inch,21 Inch,33 Inch,153 lbs.,,Yes (U.S. South),Low NOx
https://www.lennoxpros.com/el297df090xe48c90btuh4t/p/24X67,https://images.lennoxpros.com/is/image/LennoxIntl/24X67?$product_related$,https://images.lennoxpros.com/is/image/LennoxIntl/24X67,Lennox EL297DF090XE48C Furnace,"Lennox Elite EL297DFE, EL297DF090XE48C, 97% AFUE, 88000 BTU, 4 Ton, 2 Stage, Constant Torque Downflow Low Nox Gas Furnace",Lennox EL297DF090XE48C 2 Stage Furance,Lennox,24X67,EL297DF090XE48C,Unit(S),EL297DFE,Elite,88000 Btuh,97% AFUE,Downflow,4 Ton,2 Stage,Constant Torque,115 VAC 1 Ph 60 Hz,27.75 Inch,21 Inch,33 Inch,162 lbs.,2-Stage Constant Torque Downflow Gas Furnace,Yes,Low Nox
https://www.lennoxpros.com/ml296df070xv48b-96afue-gas-furnace/p/17H15,https://images.lennoxpros.com/is/image/LennoxIntl/17H15?$product_related$,https://images.lennoxpros.com/is/image/LennoxIntl/17H15,Lennox ML296DF070XV48B Furnace,"Lennox Merit ML296V, ML296DF070XV48B, 96% AFUE, 66000 BTU, 4 Ton, 2 Stage Heat, Variable Speed Downflow Gas Furnace",Lennox ML296DF070XV48B 2 Stage Heat Furance,Lennox,17H15,ML296DF070XV48B,Unit(S),ML296V,Merit,66000 Btuh,96% AFUE,Downflow,4 Ton,2 Stage Heat,Variable Speed,115 VAC 1 Ph 60 Hz,27.75 Inch,17.5 Inch,33 Inch,141 lbs.,,Yes,Low NOx
https://www.lennoxpros.com/ml193uh030xe36b-93afue-upflow-horizontal-gas-furnace/p/17A50,https://images.lennoxpros.com/is/image/LennoxIntl/17A50?$product_related$,https://images.lennoxpros.com/is/image/LennoxIntl/17A50,Lennox ML193UH030XE36B Furnace,"Lennox Merit ML193E, ML193UH030XE36B, 93% AFUE, 30000 BTU, 3 Ton, 1 Stage Heat, Constant Torque Upflow/Horizontal Gas Furnace",Lennox ML193UH030XE36B 1 Stage Heat Furance,Lennox,17A50,ML193UH030XE36B,Unit(S),ML193UHE,Merit,30000 Btuh,93% AFUE,Upflow/Horizontal,3 Ton,1 Stage Heat,Constant Torque,115 VAC 1 Ph 60 Hz,27.75 Inch,17.5 Inch,33 Inch,129 lbs.,,Yes (U.S. South),Low NOx
https://www.lennoxpros.com/ml196df090xe48c-gas-furnace/p/19A38,https://images.lennoxpros.com/is/image/LennoxIntl/19A38?$product_related$,https://images.lennoxpros.com/is/image/LennoxIntl/19A38,Lennox ML196DF090XE48C Furnace,"Lennox Merit ML196E, ML196DF090XE48C, 96% AFUE, 88000 BTU, 4 Ton, 1 Stage Heat, Constant Torque Downflow Gas Furnace",Lennox ML196DF090XE48C 1 Stage Heat Furance,Lennox,19A38,ML196DF090XE48C,Unit(S),ML196E,Merit,88000 Btuh,96% AFUE,Downflow,4 Ton,1 Stage Heat,Constant Torque,115 VAC 1 Ph 60 Hz,27.75 Inch,21 Inch,33 Inch,151 lbs.,,Yes,Low NOx
https://www.lennoxpros.com/ml193df045xe36b-93afue-downflow-gas-furnace/p/17A60,https://images.lennoxpros.com/is/image/LennoxIntl/17A60?$product_related$,https://images.lennoxpros.com/is/image/LennoxIntl/17A60,Lennox ML193DF045XE36B Furnace,"Lennox Merit ML193E, ML193DF045XE36B, 93% AFUE, 44000 BTU, 3 Ton, 1 Stage Heat, Constant Torque Downflow Gas Furnace",Lennox ML193DF045XE36B 1 Stage Heat Furance,Lennox,17A60,ML193DF045XE36B,Unit(S),ML193DFE,Merit,44000 Btuh,93% AFUE,Downflow,3 Ton,1 Stage Heat,Constant Torque,115 VAC 1 Ph 60 Hz,27.75 Inch,17.5 Inch,33 Inch,131 lbs.,,Yes (U.S. South),Low NOx
https://www.lennoxpros.com/ml180df070e36a-downflow/p/18U91,https://images.lennoxpros.com/is/image/LennoxIntl/18U91?$product_related$,https://images.lennoxpros.com/is/image/LennoxIntl/18U91,Lennox ML180DF070E36A Furnace,"Lennox Merit ML180E, ML180DF070E36A, 80% AFUE, 66000 BTU, 3 Ton, 1 Stage Heat, Constant Torque Downflow Gas Furnace",Lennox ML180DF070E36A 1 Stage Heat Furance,Lennox,18U91,ML180DF070E36A,Unit(S),ML180E,Merit,66000 Btuh,80% AFUE,Downflow,3 Ton,1 Stage Heat,Constant Torque,115 VAC 1 Ph 60 Hz,27.75 Inch,14.5 Inch,33 Inch,126 lbs.,1-Stage Constant Torque Downflow Gas Furnace,No,
https://www.lennoxpros.com/ml296df045xv36b-96afue-downflow-gas-furnace/p/17H14,https://images.lennoxpros.com/is/image/LennoxIntl/17H14?$product_related$,https://images.lennoxpros.com/is/image/LennoxIntl/17H14,Lennox ML296DF045XV36B Furnace,"Lennox Merit ML296V, ML296DF045XV36B, 96% AFUE, 44000 BTU, 3 Ton, 2 Stage Heat, Variable Speed Downflow Gas Furnace",Lennox ML296DF045XV36B 2 Stage Heat Furance,Lennox,17H14,ML296DF045XV36B,Unit(S),ML296V,Merit,44000 Btuh,96% AFUE,Downflow,3 Ton,2 Stage Heat,Variable Speed,115 VAC 1 Ph 60 Hz,27.75 Inch,17.5 Inch,33 Inch,124 lbs.,,Yes,Low NOx
https://www.lennoxpros.com/ml193df070xe36b-93afue-downflow-gas-furnace/p/17A61,https://images.lennoxpros.com/is/image/LennoxIntl/17A61?$product_related$,https://images.lennoxpros.com/is/image/LennoxIntl/17A61,Lennox ML193DF070XE36B Furnace,"Lennox Merit ML193E, ML193DF070XE36B, 93% AFUE, 66000 BTU, 3 Ton, 1 Stage Heat, Constant Torque Downflow Gas Furnace",Lennox ML193DF070XE36B 1 Stage Heat Furance,Lennox,17A61,ML193DF070XE36B,Unit(S),ML193DFE,Merit,66000 Btuh,93% AFUE,Downflow,3 Ton,1 Stage Heat,Constant Torque,115 VAC 1 Ph 60 Hz,27.75 Inch,17.5 Inch,33 Inch,135 lbs.,,Yes (U.S. South),Low NOx
https://www.lennoxpros.com/ml193uh045xp36b-93%25-afue-merit-series-high-efficiency-upflow-horizontal-gas-furnace44000-btuh-3-ton/p/55W38,https://images.lennoxpros.com/is/image/LennoxIntl/55W38?$product_related$,https://images.lennoxpros.com/is/image/LennoxIntl/55W38,Lennox ML193UH045XP36B Furnace,"Lennox Merit ML193, ML193UH045XP36B, 93% AFUE, 44000 BTU, 3 Ton, 1 Stage Heat, Multi-Speed Upflow/Horizontal Gas Furnace",Lennox ML193UH045XP36B 1 Stage Heat Furance,Lennox,55W38,ML193UH045XP36B,Unit(S),ML193,Merit,44000 Btuh,93% AFUE,Upflow/Horizontal,3 Ton,1 Stage Heat,Multi-Speed,115 VAC 1 Ph 60 Hz,27.75 Inch,17.5 Inch,33 Inch,125 lbs.,,No,Low NOx
https://www.lennoxpros.com/ml193df090xp48c-93%25-afue-merit-series-high-efficiency-downflow-gas-furnace88000-btuh-4-ton/p/55W48,https://images.lennoxpros.com/is/image/LennoxIntl/55W48?$product_related$,https://images.lennoxpros.com/is/image/LennoxIntl/55W48,Lennox ML193DF090XP48C Furnace,"Lennox Merit ML193, ML193DF090XP48C, 93% AFUE, 88000 BTU, 4 Ton, 1 Stage Heat, Multi-Speed Downflow Gas Furnace",Lennox ML193DF090XP48C 1 Stage Heat Furance,Lennox,55W48,ML193DF090XP48C,Unit(S),ML193,Merit,88000 Btuh,93% AFUE,Downflow,4 Ton,1 Stage Heat,Multi-Speed,115 VAC 1 Ph 60 Hz,27.75 Inch,21 Inch,33 Inch,146 lbs.,,No,Low NOx
https://www.lennoxpros.com/ml193uh110xp60c-93%25-afue-merit-series-high-efficiency-upflow-horizontal-gas-furnace110000-btuh-5-ton/p/55W44,https://images.lennoxpros.com/is/image/LennoxIntl/55W44?$product_related$,https://images.lennoxpros.com/is/image/LennoxIntl/55W44,Lennox ML193UH110XP60C Furnace,"Lennox Merit ML193, ML193UH110XP60C, 93% AFUE, 110000 BTU, 5 Ton, 1 Stage Heat, Multi-Speed Upflow/Horizontal Gas Furnace",Lennox ML193UH110XP60C 1 Stage Heat Furance,Lennox,55W44,ML193UH110XP60C,Unit(S),ML193,Merit,110000 Btuh,93% AFUE,Upflow/Horizontal,5 Ton,1 Stage Heat,Multi-Speed,115 VAC 1 Ph 60 Hz,27.75 Inch,21 Inch,33 Inch,162 lbs.,,No,Low NOx
https://www.lennoxpros.com/ml193uh110xp48c-93%25-afue-merit-series-high-efficiency-upflow-horizontal-gas-furnace110000-btuh-4-ton/p/55W43,https://images.lennoxpros.com/is/image/LennoxIntl/55W43?$product_related$,https://images.lennoxpros.com/is/image/LennoxIntl/55W43,Lennox ML193UH110XP48C Furnace,"Lennox Merit ML193, ML193UH110XP48C, 93% AFUE, 110000 BTU, 4 Ton, 1 Stage Heat, Multi-Speed Upflow/Horizontal Gas Furnace",Lennox ML193UH110XP48C 1 Stage Heat Furance,Lennox,55W43,ML193UH110XP48C,Unit(S),ML193,Merit,110000 Btuh,93% AFUE,Upflow/Horizontal,4 Ton,1 Stage Heat,Multi-Speed,115 VAC 1 Ph 60 Hz,27.75 Inch,21 Inch,33 Inch,154 lbs.,,No,Low NOx
https://www.lennoxpros.com/ml196df070xe48b-gas-furnace/p/19A37,https://images.lennoxpros.com/is/image/LennoxIntl/19A37?$product_related$,https://images.lennoxpros.com/is/image/LennoxIntl/19A37,Lennox ML196DF070XE48B Furnace,"Lennox Merit ML196E, ML196DF070XE48B, 96% AFUE, 66000 BTU, 4 Ton, 1 Stage Heat, Constant Torque Downflow Gas Furnace",Lennox ML196DF070XE48B 1 Stage Heat Furance,Lennox,19A37,ML196DF070XE48B,Unit(S),ML196E,Merit,66000 Btuh,96% AFUE,Downflow,4 Ton,1 Stage Heat,Constant Torque,115 VAC 1 Ph 60 Hz,27.75 Inch,17.5 Inch,33 Inch,136 lbs.,,Yes,Low NOx
https://www.lennoxpros.com/ml196df045xe36b-gas-furnace/p/19A36,https://images.lennoxpros.com/is/image/LennoxIntl/19A36?$product_related$,https://images.lennoxpros.com/is/image/LennoxIntl/19A36,Lennox ML196DF045XE36B Furnace,"Lennox Merit ML196E, ML196DF045XE36B, 96% AFUE, 44000 BTU, 3 Ton, 1 Stage Heat, Constant Torque Downflow Gas Furnace",Lennox ML196DF045XE36B 1 Stage Heat Furance,Lennox,19A36,ML196DF045XE36B,Unit(S),ML196E,Merit,44000 Btuh,96% AFUE,Downflow,3 Ton,1 Stage Heat,Constant Torque,115 VAC 1 Ph 60 Hz,27.75 Inch,17.5 Inch,33 Inch,121 lbs.,,Yes,Low NOx
https://www.lennoxpros.com/ml193uh110xe60c-93afue-upflow-horizontal-gas-furnace/p/17A59,https://images.lennoxpros.com/is/image/LennoxIntl/17A59?$product_related$,https://images.lennoxpros.com/is/image/LennoxIntl/17A59,Lennox ML193UH110XE60C Furnace,"Lennox Merit ML193E, ML193UH110XE60C, 93% AFUE, 110000 BTU, 5 Ton, 1 Stage Heat, Constant Torque Upflow/Horizontal Gas Furnace",Lennox ML193UH110XE60C 1 Stage Heat Furance,Lennox,17A59,ML193UH110XE60C,Unit(S),ML193UHE,Merit,110000 Btuh,93% AFUE,Upflow/Horizontal,5 Ton,1 Stage Heat,Constant Torque,115 VAC 1 Ph 60 Hz,27.75 Inch,21 Inch,33 Inch,168 lbs.,,Yes (U.S. South),Low NOx
https://www.lennoxpros.com/lennox-gas-furnace-merit-series-ml196uh030xe36b/p/19V16,https://images.lennoxpros.com/is/image/LennoxIntl/19V16?$product_related$,https://images.lennoxpros.com/is/image/LennoxIntl/19V16,Lennox ML196UH030XE36B Furnace,"Lennox Merit ML196E, ML196UH030XE36B, 96% AFUE, 30000 BTU, 3 Ton, 1 Stage Heat, Constant Torque Upflow/Horizontal Gas Furnace",Lennox ML196UH030XE36B 1 Stage Heat Furance,Lennox,19V16,ML196UH030XE36B,Unit(S),ML196E,Merit,30000 Btuh,96% AFUE,Upflow/Horizontal,3 Ton,1 Stage Heat,Constant Torque,115 VAC 1 Ph 60 Hz,28.75 Inch,17.5 Inch,33 Inch,124 lbs.,,Yes,Low NOx
https://www.lennoxpros.com/ml296uh110xv60c-96afue-gas-furnace/p/17H13,https://images.lennoxpros.com/is/image/LennoxIntl/17H13?$product_related$,https://images.lennoxpros.com/is/image/LennoxIntl/17H13,Lennox ML296UH110XV60C Furnace,"Lennox Merit ML296V, ML296UH110XV60C, 96% AFUE, 110000 BTU, 5 Ton, 2 Stage Heat, Variable Speed Upflow/Horizontal Gas Furnace",Lennox ML296UH110XV60C 2 Stage Heat Furance,Lennox,17H13,ML296UH110XV60C,Unit(S),ML296V,Merit,110000 Btuh,96% AFUE,Upflow/Horizontal,5 Ton,2 Stage Heat,Variable Speed,115 VAC 1 Ph 60 Hz,27.75 Inch,21 Inch,33 Inch,160 lbs.,,Yes,Low NOx
https://www.lennoxpros.com/ml180uh135e60d-80afue-upflow-horizontal-gas-furnace-5ton/p/81W26,https://images.lennoxpros.com/is/image/LennoxIntl/81W26?$product_related$,https://images.lennoxpros.com/is/image/LennoxIntl/81W26,Lennox ML180UH135E60D Furnace,"Lennox Merit ML180E, ML180UH135E60D, 80% AFUE, 132000 BTU, 5 Ton, 1 Stage Heat, Constant Torque Upflow/Horizontal Gas Furnace",Lennox ML180UH135E60D 1 Stage Heat Furance,Lennox,81W26,ML180UH135E60D,Unit(S),ML180E,Merit,132000 Btuh,80% AFUE,Upflow/Horizontal,5 Ton,1 Stage Heat,Constant Torque,115 VAC 1 Ph 60 Hz,27.75 Inch,24.5 Inch,33 Inch,178 lbs.,1-Stage Constant Torque Horizontal Gas Furnace,No,
https://www.lennoxpros.com/ml180uh070tp36a-furnace-gas-70btuh-3ton/p/96W50,https://images.lennoxpros.com/is/image/LennoxIntl/96W50?$product_related$,https://images.lennoxpros.com/is/image/LennoxIntl/96W50,Lennox ML180UH070TP36A Furnace,"Lennox Merit ML180, ML180UH070TP36A, 80% AFUE, 66000 BTU, 3 Ton, 1 Stage Heat, Multi-Speed Upflow/Horizontal Gas Furnace",Lennox ML180UH070TP36A 1 Stage Heat Furance,Lennox,96W50,ML180UH070TP36A,Unit(S),ML180,Merit,66000 Btuh,80% AFUE,Upflow/Horizontal,3 Ton,1 Stage Heat,Multi-Speed,220/240 VAC 1 Ph 50 Hz,27.75 Inch,14.5 Inch,33 Inch,119 lbs.,,No,
https://www.lennoxpros.com/ml180uh090tp48b-furnace-gas-90btuh-4ton/p/96W51,https://images.lennoxpros.com/is/image/LennoxIntl/96W51?$product_related$,https://images.lennoxpros.com/is/image/LennoxIntl/96W51,Lennox ML180UH090TP48B Furnace,"Lennox Merit ML180, ML180UH090TP48B, 80% AFUE, 88000 BTU, 4 Ton, 1 Stage Heat, Multi-Speed Upflow/Horizontal Gas Furnace",Lennox ML180UH090TP48B 1 Stage Heat Furance,Lennox,96W51,ML180UH090TP48B,Unit(S),ML180,Merit,88000 Btuh,80% AFUE,Upflow/Horizontal,4 Ton,1 Stage Heat,Multi-Speed,220/240 VAC 1 Ph 50 Hz,27.75 Inch,17.5 Inch,33 Inch,138 lbs.,,No,
https://www.lennoxpros.com/ml180uh110xe60c-80afue-upflow-horizontal-gas-furnace-5ton/p/81W25,https://images.lennoxpros.com/is/image/LennoxIntl/81W25?$product_related$,https://images.lennoxpros.com/is/image/LennoxIntl/81W25,Lennox ML180UH110XE60C Furnace,"Lennox Merit ML180E, ML180UH110XE60C, 80% AFUE, 110000 BTU, 5 Ton, 1 Stage Heat, Constant Torque Upflow/Horizontal Gas Furnace",Lennox ML180UH110XE60C 1 Stage Heat Furance,Lennox,81W25,ML180UH110XE60C,Unit(S),ML180E,Merit,110000 Btuh,80% AFUE,Upflow/Horizontal,5 Ton,1 Stage Heat,Constant Torque,115 VAC 1 Ph 60 Hz,27.75 Inch,21 Inch,33 Inch,152 lbs.,,No,Low NOx
https://www.lennoxpros.com/ml180df110e60c-80afue-downflow-gas-furnace-5ton/p/81W28,https://images.lennoxpros.com/is/image/LennoxIntl/81W28?$product_related$,https://images.lennoxpros.com/is/image/LennoxIntl/81W28,Lennox ML180DF110E60C Furnace,"Lennox Merit ML180E, ML180DF110E60C, 80% AFUE, 110000 BTU, 5 Ton, 1 Stage Heat, Constant Torque Downflow Gas Furnace",Lennox ML180DF110E60C 1 Stage Heat Furance,Lennox,81W28,ML180DF110E60C,Unit(S),ML180E,Merit,110000 Btuh,80% AFUE,Downflow,5 Ton,1 Stage Heat,Constant Torque,115 VAC 1 Ph 60 Hz,27.75 Inch,21 Inch,33 Inch,160 lbs.,1-Stage Constant Torque Downflow Gas Furnace,No,
https://www.lennoxpros.com/ml180df045e36a-80afue-downflow-gas-furnace-3ton/p/81W27,https://images.lennoxpros.com/is/image/LennoxIntl/81W27?$product_related$,https://images.lennoxpros.com/is/image/LennoxIntl/81W27,Lennox ML180DF045E36A Furnace,"Lennox Merit ML180E, ML180DF045E36A, 80% AFUE, 44000 BTU, 3 Ton, 1 Stage Heat, Constant Torque Downflow Gas Furnace",Lennox ML180DF045E36A 1 Stage Heat Furance,Lennox,81W27,ML180DF045E36A,Unit(S),ML180E,Merit,44000 Btuh,80% AFUE,Downflow,3 Ton,1 Stage Heat,Constant Torque,115 VAC 1 Ph 60 Hz,27.75 Inch,14.5 Inch,33 Inch,113 lbs.,1-Stage Constant Torque Downflow Gas Furnace,No,
https://www.lennoxpros.com/ml180uh110tp36c-furnace-gas-110btuh-3ton/p/96W52,https://images.lennoxpros.com/is/image/LennoxIntl/96W52?$product_related$,https://images.lennoxpros.com/is/image/LennoxIntl/96W52,Lennox ML180UH110TP36C Furnace,"Lennox Merit ML180, ML180UH110TP36C, 80% AFUE, 110000 BTU, 3 Ton, 1 Stage Heat, Multi-Speed Upflow/Horizontal Gas Furnace",Lennox ML180UH110TP36C 1 Stage Heat Furance,Lennox,96W52,ML180UH110TP36C,Unit(S),ML180,Merit,110000 Btuh,80% AFUE,Upflow/Horizontal,3 Ton,1 Stage Heat,Multi-Speed,220/240 VAC 1 Ph 50 Hz,27.75 Inch,21 Inch,33 Inch,152 lbs.,,No,
https://www.lennoxpros.com/ml180uh045xe36a-80afue-upflow-horizontal-gas-furnace-3ton/p/81W22,https://images.lennoxpros.com/is/image/LennoxIntl/81W22?$product_related$,https://images.lennoxpros.com/is/image/LennoxIntl/81W22,Lennox ML180UH045XE36A Furnace,"Lennox Merit ML180E, ML180UH045XE36A, 80% AFUE, 44000 BTU, 3 Ton, 1 Stage Heat, Constant Torque Upflow/Horizontal Gas Furnace",Lennox ML180UH045XE36A 1 Stage Heat Furance,Lennox,81W22,ML180UH045XE36A,Unit(S),ML180E,Merit,44000 Btuh,80% AFUE,Upflow/Horizontal,3 Ton,1 Stage Heat,Constant Torque,115 VAC 1 Ph 60 Hz,27.75 Inch,14.5 Inch,33 Inch,111 lbs.,,No,Low NOx
https://www.lennoxpros.com/ml180uh090xe48b-80afue-upflow-horizontal-gas-furnace-4ton/p/79W73,https://images.lennoxpros.com/is/image/LennoxIntl/79W73?$product_related$,https://images.lennoxpros.com/is/image/LennoxIntl/79W73,Lennox ML180UH090XE48B Furnace,"Lennox Merit ML180E, ML180UH090XE48B, 80% AFUE, 88000 BTU, 4 Ton, 1 Stage Heat, Constant Torque Upflow/Horizontal Gas Furnace",Lennox ML180UH090XE48B 1 Stage Heat Furance,Lennox,79W73,ML180UH090XE48B,Unit(S),ML180E,Merit,88000 Btuh,80% AFUE,Upflow/Horizontal,4 Ton,1 Stage Heat,Constant Torque,115 VAC 1 Ph 60 Hz,27.75 Inch,17.5 Inch,33 Inch,142 lbs.,,No,Low NOx
https://www.lennoxpros.com/ml180uh110tp60c-furnace-gas-110btuh-5ton/p/96W53,https://images.lennoxpros.com/is/image/LennoxIntl/96W53?$product_related$,https://images.lennoxpros.com/is/image/LennoxIntl/96W53,Lennox ML180UH110TP60C Furnace,"Lennox Merit ML180, ML180UH110TP60C, 80% AFUE, 110000 BTU, 5 Ton, 1 Stage Heat, Multi-Speed Upflow/Horizontal Gas Furnace",Lennox ML180UH110TP60C 1 Stage Heat Furance,Lennox,96W53,ML180UH110TP60C,Unit(S),ML180,Merit,110000 Btuh,80% AFUE,Upflow/Horizontal,5 Ton,1 Stage Heat,Multi-Speed,220/240 VAC 1 Ph 50 Hz,27.75 Inch,21 Inch,33 Inch,161 lbs.,,No,
https://www.lennoxpros.com/ml180uh135tp60d-furnace-gas-135btuh-5ton/p/96W54,https://images.lennoxpros.com/is/image/LennoxIntl/96W54?$product_related$,https://images.lennoxpros.com/is/image/LennoxIntl/96W54,Lennox ML180UH135TP60D Furnace,"Lennox Merit ML180, ML180UH135TP60D, 80% AFUE, 132000 BTU, 5 Ton, 1 Stage Heat, Multi-Speed Upflow/Horizontal Gas Furnace",Lennox ML180UH135TP60D 1 Stage Heat Furance,Lennox,96W54,ML180UH135TP60D,Unit(S),ML180,Merit,132000 Btuh,80% AFUE,Upflow/Horizontal,5 Ton,1 Stage Heat,Multi-Speed,220/240 VAC 1 Ph 50 Hz,27.75 Inch,24.5 Inch,33 Inch,179 lbs.,,No,
https://www.lennoxpros.com/ml180df090e48b-80afue-downflow-gas-furnace-4ton/p/79W76,https://images.lennoxpros.com/is/image/LennoxIntl/79W76?$product_related$,https://images.lennoxpros.com/is/image/LennoxIntl/79W76,Lennox ML180DF090E48B Furnace,"Lennox Merit ML180E, ML180DF090E48B, 80% AFUE, 88000 BTU, 4 Ton, 1 Stage Heat, Constant Torque Downflow Gas Furnace",Lennox ML180DF090E48B 1 Stage Heat Furance,Lennox,79W76,ML180DF090E48B,Unit(S),ML180E,Merit,88000 Btuh,80% AFUE,Downflow,4 Ton,1 Stage Heat,Constant Torque,115 VAC 1 Ph 60 Hz,27.75 Inch,17.5 Inch,33 Inch,140 lbs.,1-Stage Constant Torque Downflow Gas Furnace,No,
https://www.lennoxpros.com/lennox-gas-furnace-merit-series-ml196df110xe60c/p/19V25,https://images.lennoxpros.com/is/image/LennoxIntl/19V25?$product_related$,https://images.lennoxpros.com/is/image/LennoxIntl/19V25,Lennox ML196DF110XE60C Furnace,"Lennox Merit ML196E, ML196DF110XE60C, 96% AFUE, 110000 BTU, 5 Ton, 1 Stage Heat, Constant Torque Downflow Gas Furnace",Lennox ML196DF110XE60C 1 Stage Heat Furance,Lennox,19V25,ML196DF110XE60C,Unit(S),ML196E,Merit,110000 Btuh,96% AFUE,Downflow,5 Ton,1 Stage Heat,Constant Torque,115 VAC 1 Ph 60 Hz,28.75 Inch,21 Inch,33 Inch,166 lbs.,,Yes,Low NOx
https://www.lennoxpros.com/ml180uh070xe36b-80afue-upflow-horizontal-gas-furnace-3ton/p/79W71,https://images.lennoxpros.com/is/image/LennoxIntl/79W71?$product_related$,https://images.lennoxpros.com/is/image/LennoxIntl/79W71,Lennox ML180UH070XE36B Furnace,"Lennox Merit ML180E, ML180UH070XE36B, 80% AFUE, 66000 BTU, 3 Ton, 1 Stage Heat, Constant Torque Upflow/Horizontal Gas Furnace",Lennox ML180UH070XE36B 1 Stage Heat Furance,Lennox,79W71,ML180UH070XE36B,Unit(S),ML180E,Merit,66000 Btuh,80% AFUE,Upflow/Horizontal,3 Ton,1 Stage Heat,Constant Torque,115 VAC 1 Ph 60 Hz,27.75 Inch,17.5 Inch,33 Inch,127 lbs.,,No,Low NOx
https://www.lennoxpros.com/ml196uh045xe24b-gas-furnace/p/19A31,https://images.lennoxpros.com/is/image/LennoxIntl/19A31?$product_related$,https://images.lennoxpros.com/is/image/LennoxIntl/19A31,Lennox ML196UH045XE24B Furnace,"Lennox Merit ML196E, ML196UH045XE24B, 96% AFUE, 44000 BTU, 2 Ton, 1 Stage Heat, Constant Torque Upflow/Horizontal Gas Furnace",Lennox ML196UH045XE24B 1 Stage Heat Furance,Lennox,19A31,ML196UH045XE24B,Unit(S),ML196E,Merit,44000 Btuh,96% AFUE,Upflow/Horizontal,2 Ton,1 Stage Heat,Constant Torque,115 VAC 1 Ph 60 Hz,27.75 Inch,17.5 Inch,33 Inch,119 lbs.,,Yes,Low NOx
https://www.lennoxpros.com/ml180uh070xe36a-gas-furnace/p/18U89,https://images.lennoxpros.com/is/image/LennoxIntl/18U89?$product_related$,https://images.lennoxpros.com/is/image/LennoxIntl/18U89,Lennox ML180UH070XE36A Furnace,"Lennox Merit ML180E, ML180UH070XE36A, 80% AFUE, 66000 BTU, 3 Ton, 1 Stage Heat, Constant Torque Upflow/Horizontal Gas Furnace",Lennox ML180UH070XE36A 1 Stage Heat Furance,Lennox,18U89,ML180UH070XE36A,Unit(S),ML180E,Merit,66000 Btuh,80% AFUE,Upflow/Horizontal,3 Ton,1 Stage Heat,Constant Torque,115 VAC 1 Ph 60 Hz,27.75 Inch,14.5 Inch,33 Inch,111 lbs.,,No,Low NOx
https://www.lennoxpros.com/lennox-gas-furnace-merit-series-ml196uh135xe60d/p/19V23,https://images.lennoxpros.com/is/image/LennoxIntl/19V23?$product_related$,https://images.lennoxpros.com/is/image/LennoxIntl/19V23,Lennox ML196UH135XE60D Furnace,"Lennox Merit ML196E, ML196UH135XE60D, 96% AFUE, 132000 BTU, 5 Ton, 1 Stage Heat, Constant Torque Upflow/Horizontal Gas Furnace",Lennox ML196UH135XE60D 1 Stage Heat Furance,Lennox,19V23,ML196UH135XE60D,Unit(S),ML196E,Merit,132000 Btuh,96% AFUE,Upflow/Horizontal,5 Ton,1 Stage Heat,Constant Torque,115 VAC 1 Ph 60 Hz,28.75 Inch,24.5 Inch,33 Inch,179 lbs.,,Yes,Low NOx
https://www.lennoxpros.com/ml193uh110xe48c-93afue-upflow-horizontal-gas-furnace/p/17A57,https://images.lennoxpros.com/is/image/LennoxIntl/17A57?$product_related$,https://images.lennoxpros.com/is/image/LennoxIntl/17A57,Lennox ML193UH110XE48C Furnace,"Lennox Merit ML193E, ML193UH110XE48C, 93% AFUE, 110000 BTU, 4 Ton, 1 Stage Heat, Constant Torque Upflow/Horizontal Gas Furnace",Lennox ML193UH110XE48C 1 Stage Heat Furance,Lennox,17A57,ML193UH110XE48C,Unit(S),ML193UHE,Merit,110000 Btuh,93% AFUE,Upflow/Horizontal,4 Ton,1 Stage Heat,Constant Torque,115 VAC 1 Ph 60 Hz,27.75 Inch,21 Inch,33 Inch,163 lbs.,,Yes (U.S. South),Low NOx
https://www.lennoxpros.com/lennox-gas-furnace-merit-series-ml196uh090xe36c/p/19V20,https://images.lennoxpros.com/is/image/LennoxIntl/19V20?$product_related$,https://images.lennoxpros.com/is/image/LennoxIntl/19V20,Lennox ML196UH090XE36C Furnace,"Lennox Merit ML196E, ML196UH090XE36C, 96% AFUE, 88000 BTU, 3 Ton, 1 Stage Heat, Constant Torque Upflow/Horizontal Gas Furnace",Lennox ML196UH090XE36C 1 Stage Heat Furance,Lennox,19V20,ML196UH090XE36C,Unit(S),ML196E,Merit,88000 Btuh,96% AFUE,Upflow/Horizontal,3 Ton,1 Stage Heat,Constant Torque,115 VAC 1 Ph 60 Hz,28.75 Inch,21 Inch,33 Inch,147 lbs.,,Yes,Low NOx
https://www.lennoxpros.com/ml193uh090xe48c-93afue-upflow-horizontal-gas-furnace/p/17A56,https://images.lennoxpros.com/is/image/LennoxIntl/17A56?$product_related$,https://images.lennoxpros.com/is/image/LennoxIntl/17A56,Lennox ML193UH090XE48C Furnace,"Lennox Merit ML193E, ML193UH090XE48C, 93% AFUE, 88000 BTU, 4 Ton, 1 Stage Heat, Constant Torque Upflow/Horizontal Gas Furnace",Lennox ML193UH090XE48C 1 Stage Heat Furance,Lennox,17A56,ML193UH090XE48C,Unit(S),ML193UHE,Merit,88000 Btuh,93% AFUE,Upflow/Horizontal,4 Ton,1 Stage Heat,Constant Torque,115 VAC 1 Ph 60 Hz,27.75 Inch,21 Inch,33 Inch,151 lbs.,,Yes (U.S. South),Low NOx
https://www.lennoxpros.com/lennox-gas-furnace-merit-series-ml196uh090xe60c/p/19V21,https://images.lennoxpros.com/is/image/LennoxIntl/19V21?$product_related$,https://images.lennoxpros.com/is/image/LennoxIntl/19V21,Lennox ML196UH090XE60C Furnace,"Lennox Merit ML196E, ML196UH090XE60C, 96% AFUE, 88000 BTU, 5 Ton, 1 Stage Heat, Constant Torque Upflow/Horizontal Gas Furnace",Lennox ML196UH090XE60C 1 Stage Heat Furance,Lennox,19V21,ML196UH090XE60C,Unit(S),ML196E,Merit,88000 Btuh,96% AFUE,Upflow/Horizontal,5 Ton,1 Stage Heat,Constant Torque,115 VAC 1 Ph 60 Hz,28.75 Inch,21 Inch,33 Inch,157 lbs.,,Yes,Low NOx
https://www.lennoxpros.com/ml196uh045xe36b-gas-furnace/p/19A32,https://images.lennoxpros.com/is/image/LennoxIntl/19A32?$product_related$,https://images.lennoxpros.com/is/image/LennoxIntl/19A32,Lennox ML196UH045XE36B Furnace,"Lennox Merit ML196E, ML196UH045XE36B, 96% AFUE, 44000 BTU, 3 Ton, 1 Stage Heat, Constant Torque Upflow/Horizontal Gas Furnace",Lennox ML196UH045XE36B 1 Stage Heat Furance,Lennox,19A32,ML196UH045XE36B,Unit(S),ML196E,Merit,44000 Btuh,96% AFUE,Upflow/Horizontal,3 Ton,1 Stage Heat,Constant Torque,115 VAC 1 Ph 60 Hz,27.75 Inch,17.5 Inch,33 Inch,119 lbs.,,Yes,Low NOx
https://www.lennoxpros.com/ml196uh070xe36b-gas-furnace/p/19A33,https://images.lennoxpros.com/is/image/LennoxIntl/19A33?$product_related$,https://images.lennoxpros.com/is/image/LennoxIntl/19A33,Lennox ML196UH070XE36B Furnace,"Lennox Merit ML196E, ML196UH070XE36B, 96% AFUE, 66000 BTU, 3 Ton, 1 Stage Heat, Constant Torque Upflow/Horizontal Gas Furnace",Lennox ML196UH070XE36B 1 Stage Heat Furance,Lennox,19A33,ML196UH070XE36B,Unit(S),ML196E,Merit,66000 Btuh,96% AFUE,Upflow/Horizontal,3 Ton,1 Stage Heat,Constant Torque,115 VAC 1 Ph 60 Hz,27.75 Inch,17.5 Inch,33 Inch,127 lbs.,,Yes,Low NOx
https://www.lennoxpros.com/ml196uh090xe48c-gas-furnace/p/19A34,https://images.lennoxpros.com/is/image/LennoxIntl/19A34?$product_related$,https://images.lennoxpros.com/is/image/LennoxIntl/19A34,Lennox ML196UH090XE48C Furnace,"Lennox Merit ML196E, ML196UH090XE48C, 96% AFUE, 88000 BTU, 4 Ton, 1 Stage Heat, Constant Torque Upflow/Horizontal Gas Furnace",Lennox ML196UH090XE48C 1 Stage Heat Furance,Lennox,19A34,ML196UH090XE48C,Unit(S),ML196E,Merit,88000 Btuh,96% AFUE,Upflow/Horizontal,4 Ton,1 Stage Heat,Constant Torque,115 VAC 1 Ph 60 Hz,27.75 Inch,21 Inch,33 Inch,149 lbs.,,Yes,Low NOx
https://www.lennoxpros.com/ml180uh070v36a-gas-furnace/p/17Y69,https://images.lennoxpros.com/is/image/LennoxIntl/17Y69?$product_related$,https://images.lennoxpros.com/is/image/LennoxIntl/17Y69,Lennox ML180UH070V36A Furnace,"Lennox Merit ML180V, ML180UH070V36A, 80% AFUE, 66000 BTU, 3 Ton, 1 Stage Heat, Variable Speed Upflow/Horizontal Gas Furnace",Lennox ML180UH070V36A 1 Stage Heat Furance,Lennox,17Y69,ML180UH070V36A,Unit(S),ML180V,Merit,66000 Btuh,80% AFUE,Upflow/Horizontal,3 Ton,1 Stage Heat,Variable Speed,115 VAC 1 Ph 60 Hz,27.75 Inch,14.5 Inch,33 Inch,111 lbs.,1-Stage Variable Speed Horizontal Gas Furnace,No,
https://www.lennoxpros.com/ml196uh110xe60c-gas-furnaces/p/19A35,https://images.lennoxpros.com/is/image/LennoxIntl/19A35?$product_related$,https://images.lennoxpros.com/is/image/LennoxIntl/19A35,Lennox ML196UH110XE60C Furnace,"Lennox Merit ML196E, ML196UH110XE60C, 96% AFUE, 110000 BTU, 5 Ton, 1 Stage Heat, Constant Torque Upflow/Horizontal Gas Furnace",Lennox ML196UH110XE60C 1 Stage Heat Furance,Lennox,19A35,ML196UH110XE60C,Unit(S),ML196E,Merit,110000 Btuh,96% AFUE,Upflow/Horizontal,5 Ton,1 Stage Heat,Constant Torque,115 VAC 1 Ph 60 Hz,27.75 Inch,21 Inch,33 Inch,161 lbs.,,Yes,Low NOx
https://www.lennoxpros.com/ml180uh110v60c-gas-furnace/p/17Y76,https://images.lennoxpros.com/is/image/LennoxIntl/17Y76?$product_related$,https://images.lennoxpros.com/is/image/LennoxIntl/17Y76,Lennox ML180UH110V60C Furnace,"Lennox Merit ML180V, ML180UH110V60C, 80% AFUE, 110000 BTU, 5 Ton, 1 Stage Heat, Variable Speed Upflow/Horizontal Gas Furnace",Lennox ML180UH110V60C 1 Stage Heat Furance,Lennox,17Y76,ML180UH110V60C,Unit(S),ML180V,Merit,110000 Btuh,80% AFUE,Upflow/Horizontal,5 Ton,1 Stage Heat,Variable Speed,115 VAC 1 Ph 60 Hz,27.75 Inch,21 Inch,33 Inch,149 lbs.,1-Stage Variable Speed Horizontal Gas Furnace,No,
https://www.lennoxpros.com/ml193uh045xe36b-93afue-upflow-horizontal-gas-furnace/p/17A52,https://images.lennoxpros.com/is/image/LennoxIntl/17A52?$product_related$,https://images.lennoxpros.com/is/image/LennoxIntl/17A52,Lennox ML193UH045XE36B Furnace,"Lennox Merit ML193E, ML193UH045XE36B, 93% AFUE, 44000 BTU, 3 Ton, 1 Stage Heat, Constant Torque Upflow/Horizontal Gas Furnace",Lennox ML193UH045XE36B 1 Stage Heat Furance,Lennox,17A52,ML193UH045XE36B,Unit(S),ML193UHE,Merit,44000 Btuh,93% AFUE,Upflow/Horizontal,3 Ton,1 Stage Heat,Constant Torque,115 VAC 1 Ph 60 Hz,27.75 Inch,17.5 Inch,33 Inch,129 lbs.,,Yes (U.S. South),Low NOx
https://www.lennoxpros.com/ml180uh090e60c-80afue-upflow-horizontal-gas-furnace-5ton/p/79W74,https://images.lennoxpros.com/is/image/LennoxIntl/79W74?$product_related$,https://images.lennoxpros.com/is/image/LennoxIntl/79W74,Lennox ML180UH090E60C Furnace,"Lennox Merit ML180E, ML180UH090E60C, 80% AFUE, 88000 BTU, 5 Ton, 1 Stage Heat, Constant Torque Upflow/Horizontal Gas Furnace",Lennox ML180UH090E60C 1 Stage Heat Furance,Lennox,79W74,ML180UH090E60C,Unit(S),ML180E,Merit,88000 Btuh,80% AFUE,Upflow/Horizontal,5 Ton,1 Stage Heat,Constant Torque,115 VAC 1 Ph 60 Hz,27.75 Inch,21 Inch,33 Inch,152 lbs.,1-Stage Constant Torque Horizontal Gas Furnace,No,
https://www.lennoxpros.com/ml180uh110e60c-80afue-upflow-horizontal-gas-furnace-5ton/p/81W24,https://images.lennoxpros.com/is/image/LennoxIntl/81W24?$product_related$,https://images.lennoxpros.com/is/image/LennoxIntl/81W24,Lennox ML180UH110E60C Furnace,"Lennox Merit ML180E, ML180UH110E60C, 80% AFUE, 110000 BTU, 5 Ton, 1 Stage Heat, Constant Torque Upflow/Horizontal Gas Furnace",Lennox ML180UH110E60C 1 Stage Heat Furance,Lennox,81W24,ML180UH110E60C,Unit(S),ML180E,Merit,110000 Btuh,80% AFUE,Upflow/Horizontal,5 Ton,1 Stage Heat,Constant Torque,115 VAC 1 Ph 60 Hz,27.75 Inch,21 Inch,33 Inch,160 lbs.,1-Stage Constant Torque Horizontal Gas Furnace,No,
https://www.lennoxpros.com/ml180df070e36b-80afue-downflow-gas-furnace-3ton/p/79W75,https://images.lennoxpros.com/is/image/LennoxIntl/79W75?$product_related$,https://images.lennoxpros.com/is/image/LennoxIntl/79W75,Lennox ML180DF070E36B Furnace,"Lennox Merit ML180E, ML180DF070E36B, 80% AFUE, 66000 BTU, 3 Ton, 1 Stage Heat, Constant Torque Downflow Gas Furnace",Lennox ML180DF070E36B 1 Stage Heat Furance,Lennox,79W75,ML180DF070E36B,Unit(S),ML180E,Merit,66000 Btuh,80% AFUE,Downflow,3 Ton,1 Stage Heat,Constant Torque,115 VAC 1 Ph 60 Hz,27.75 Inch,17.5 Inch,33 Inch,128 lbs.,1-Stage Constant Torque Downflow Gas Furnace,No,
https://www.lennoxpros.com/ml180uh045e36a-80afue-upflow-horizontal-gas-furnace-3ton/p/81W21,https://images.lennoxpros.com/is/image/LennoxIntl/81W21?$product_related$,https://images.lennoxpros.com/is/image/LennoxIntl/81W21,Lennox ML180UH045E36A Furnace,"Lennox Merit ML180E, ML180UH045E36A, 80% AFUE, 44000 BTU, 3 Ton, 1 Stage Heat, Constant Torque Upflow/Horizontal Gas Furnace",Lennox ML180UH045E36A 1 Stage Heat Furance,Lennox,81W21,ML180UH045E36A,Unit(S),ML180E,Merit,44000 Btuh,80% AFUE,Upflow/Horizontal,3 Ton,1 Stage Heat,Constant Torque,115 VAC 1 Ph 60 Hz,27.75 Inch,14.5 Inch,33 Inch,111 lbs.,1-Stage Constant Torque Horizontal Gas Furnace,No,
https://www.lennoxpros.com/ml180uh070e36b-80afue-upflow-horizontal-gas-furnace-3ton/p/81W23,https://images.lennoxpros.com/is/image/LennoxIntl/81W23?$product_related$,https://images.lennoxpros.com/is/image/LennoxIntl/81W23,Lennox ML180UH070E36B Furnace,"Lennox Merit ML180E, ML180UH070E36B, 80% AFUE, 66000 BTU, 3 Ton, 1 Stage Heat, Constant Torque Upflow/Horizontal Gas Furnace",Lennox ML180UH070E36B 1 Stage Heat Furance,Lennox,81W23,ML180UH070E36B,Unit(S),ML180E,Merit,66000 Btuh,80% AFUE,Upflow/Horizontal,3 Ton,1 Stage Heat,Constant Torque,115 VAC 1 Ph 60 Hz,27.75 Inch,17.5 Inch,33 Inch,127 lbs.,1-Stage Constant Torque Horizontal Gas Furnace,No,
https://www.lennoxpros.com/ml180uh070e36a-gas-furnace/p/18U90,https://images.lennoxpros.com/is/image/LennoxIntl/18U90?$product_related$,https://images.lennoxpros.com/is/image/LennoxIntl/18U90,Lennox ML180UH070E36A Furnace,"Lennox Merit ML180E, ML180UH070E36A, 80% AFUE, 66000 BTU, 3 Ton, 1 Stage Heat, Constant Torque Upflow/Horizontal Gas Furnace",Lennox ML180UH070E36A 1 Stage Heat Furance,Lennox,18U90,ML180UH070E36A,Unit(S),ML180E,Merit,66000 Btuh,80% AFUE,Upflow/Horizontal,3 Ton,1 Stage Heat,Constant Torque,115 VAC 1 Ph 60 Hz,27.75 Inch,14.5 Inch,33 Inch,111 lbs.,1-Stage Constant Torque Horizontal Gas Furnace,No,
https://www.lennoxpros.com/ml296uh090xv48c-96afue-gas-furnace/p/17H12,https://images.lennoxpros.com/is/image/LennoxIntl/17H12?$product_related$,https://images.lennoxpros.com/is/image/LennoxIntl/17H12,Lennox ML296UH090XV48C Furnace,"Lennox Merit ML296V, ML296UH090XV48C, 96% AFUE, 88000 BTU, 4 Ton, 2 Stage Heat, Variable Speed Upflow/Horizontal Gas Furnace",Lennox ML296UH090XV48C 2 Stage Heat Furance,Lennox,17H12,ML296UH090XV48C,Unit(S),ML296V,Merit,88000 Btuh,96% AFUE,Upflow/Horizontal,4 Ton,2 Stage Heat,Variable Speed,115 VAC 1 Ph 60 Hz,27.75 Inch,21 Inch,33 Inch,154 lbs.,,Yes,Low NOx
https://www.lennoxpros.com/ml180uh090e48b-80afue-upflow-horizontal-gas-furnace-4ton/p/79W72,https://images.lennoxpros.com/is/image/LennoxIntl/79W72?$product_related$,https://images.lennoxpros.com/is/image/LennoxIntl/79W72,Lennox ML180UH090E48B Furnace,"Lennox Merit ML180E, ML180UH090E48B, 80% AFUE, 88000 BTU, 4 Ton, 1 Stage Heat, Constant Torque Upflow/Horizontal Gas Furnace",Lennox ML180UH090E48B 1 Stage Heat Furance,Lennox,79W72,ML180UH090E48B,Unit(S),ML180E,Merit,88000 Btuh,80% AFUE,Upflow/Horizontal,4 Ton,1 Stage Heat,Constant Torque,115 VAC 1 Ph 60 Hz,27.75 Inch,17.5 Inch,33 Inch,142 lbs.,1-Stage Constant Torque Horizontal Gas Furnace,No,
https://www.lennoxpros.com/ml296uh045xv36b-96afue-gas-furnace/p/17H10,https://images.lennoxpros.com/is/image/LennoxIntl/17H10?$product_related$,https://images.lennoxpros.com/is/image/LennoxIntl/17H10,Lennox ML296UH045XV36B Furnace,"Lennox Merit ML296V, ML296UH045XV36B, 96% AFUE, 44000 BTU, 3 Ton, 2 Stage Heat, Variable Speed Upflow/Horizontal Gas Furnace",Lennox ML296UH045XV36B 2 Stage Heat Furance,Lennox,17H10,ML296UH045XV36B,Unit(S),ML296V,Merit,44000 Btuh,96% AFUE,Upflow/Horizontal,3 Ton,2 Stage Heat,Variable Speed,115 VAC 1 Ph 60 Hz,27.75 Inch,17.5 Inch,33 Inch,122 lbs.,,Yes,Low NOx
https://www.lennoxpros.com/ml193uh090xe36c-93afue-upflow-horizontal-gas-furnace/p/17A55,https://images.lennoxpros.com/is/image/LennoxIntl/17A55?$product_related$,https://images.lennoxpros.com/is/image/LennoxIntl/17A55,Lennox ML193UH090XE36C Furnace,"Lennox Merit ML193E, ML193UH090XE36C, 93% AFUE, 88000 BTU, 3 Ton, 1 Stage Heat, Constant Torque Upflow/Horizontal Gas Furnace",Lennox ML193UH090XE36C 1 Stage Heat Furance,Lennox,17A55,ML193UH090XE36C,Unit(S),ML193UHE,Merit,88000 Btuh,93% AFUE,Upflow/Horizontal,3 Ton,1 Stage Heat,Constant Torque,115 VAC 1 Ph 60 Hz,27.75 Inch,21 Inch,33 Inch,147 lbs.,,Yes (U.S. South),Low NOx
https://www.lennoxpros.com/ml180df090p48b-furnace-gas-90btuh-4ton/p/92W22,https://images.lennoxpros.com/is/image/LennoxIntl/92W22?$product_related$,https://images.lennoxpros.com/is/image/LennoxIntl/92W22,Lennox ML180DF090P48B Furnace,"Lennox Merit ML180, ML180DF090P48B, 80% AFUE, 88000 BTU, 4 Ton, 1 Stage Heat, Multi-Speed Downflow Gas Furnace",Lennox ML180DF090P48B 1 Stage Heat Furance,Lennox,92W22,ML180DF090P48B,Unit(S),ML180,Merit,88000 Btuh,80% AFUE,Downflow,4 Ton,1 Stage Heat,Multi-Speed,115 VAC 1 Ph 60 Hz,27.75 Inch,17.5 Inch,33 Inch,140 lbs.,1-Stage Multi-Speed Downflow Gas Furnace,No,
https://www.lennoxpros.com/ml195uh110xp48c-95%25-afue-merit-series-high-efficiency-upflow-horizontal-gas-furnace110000-btuh-4-ton/p/85W20,https://images.lennoxpros.com/is/image/LennoxIntl/85W20?$product_related$,https://images.lennoxpros.com/is/image/LennoxIntl/85W20,Lennox ML195UH110XP48C Furnace,"Lennox Merit ML195, ML195UH110XP48C, 95% AFUE, 110000 BTU, 4 Ton, 1 Stage Heat, Multi-Speed Upflow/Horizontal Gas Furnace",Lennox ML195UH110XP48C 1 Stage Heat Furance,Lennox,85W20,ML195UH110XP48C,Unit(S),ML195,Merit,110000 Btuh,95% AFUE,Upflow/Horizontal,4 Ton,1 Stage Heat,Multi-Speed,115 VAC 1 Ph 60 Hz,27.75 Inch,21 Inch,33 Inch,160 lbs.,,No,Low NOx
https://www.lennoxpros.com/ml195uh070xp36b-95%25-afue-merit-series-high-efficiency-upflow-horizontal-gas-furnace66000-btuh-3-tons/p/72W83,https://images.lennoxpros.com/is/image/LennoxIntl/72W83?$product_related$,https://images.lennoxpros.com/is/image/LennoxIntl/72W83,Lennox ML195UH070XP36B Furnace,"Lennox Merit ML195, ML195UH070XP36B, 95% AFUE, 66000 BTU, 3 Ton, 1 Stage Heat, Multi-Speed Upflow/Horizontal Gas Furnace",Lennox ML195UH070XP36B 1 Stage Heat Furance,Lennox,72W83,ML195UH070XP36B,Unit(S),ML195,Merit,66000 Btuh,95% AFUE,Upflow/Horizontal,3 Ton,1 Stage Heat,Multi-Speed,115 VAC 1 Ph 60 Hz,27.75 Inch,17.5 Inch,33 Inch,150 lbs.,,No,Low NOx
https://www.lennoxpros.com/ml180uh045p24a-80%25-afue-merit-series-high-efficiency-upflow-horizontal-gas-furnace44000-btuh-2-2-5-tons/p/62W68,https://images.lennoxpros.com/is/image/LennoxIntl/62W68?$product_related$,https://images.lennoxpros.com/is/image/LennoxIntl/62W68,Lennox ML180UH045P24A Furnace,"Lennox Merit ML180, ML180UH045P24A, 80% AFUE, 44000 BTU, 2 Ton, 1 Stage Heat, Multi-Speed Upflow/Horizontal Gas Furnace",Lennox ML180UH045P24A 1 Stage Heat Furance,Lennox,62W68,ML180UH045P24A,Unit(S),ML180,Merit,44000 Btuh,80% AFUE,Upflow/Horizontal,2 Ton,1 Stage Heat,Multi-Speed,115 VAC 1 Ph 60 Hz,27.75 Inch,14.5 Inch,33 Inch,106 lbs.,1-Stage Multi-Speed Horizontal Gas Furnace,No,
https://www.lennoxpros.com/ml196uh030xe24b-gas-furnace/p/19A30,https://images.lennoxpros.com/is/image/LennoxIntl/19A30?$product_related$,https://images.lennoxpros.com/is/image/LennoxIntl/19A30,Lennox ML196UH030XE24B Furnace,"Lennox Merit ML196E, ML196UH030XE24B, 96% AFUE, 30000 BTU, 2 Ton, 1 Stage Heat, Constant Torque Upflow/Horizontal Gas Furnace",Lennox ML196UH030XE24B 1 Stage Heat Furance,Lennox,19A30,ML196UH030XE24B,Unit(S),ML196E,Merit,30000 Btuh,96% AFUE,Upflow/Horizontal,2 Ton,1 Stage Heat,Constant Torque,115 VAC 1 Ph 60 Hz,27.75 Inch,17.5 Inch,33 Inch,119 lbs.,,Yes,Low NOx
https://www.lennoxpros.com/ml180uh110p60c-80%25-afue-merit-series-high-efficiency-upflow-horizontal-gas-furnace110000-btuh-5-ton/p/62W79,https://images.lennoxpros.com/is/image/LennoxIntl/62W79?$product_related$,https://images.lennoxpros.com/is/image/LennoxIntl/62W79,Lennox ML180UH110P60C Furnace,"Lennox Merit ML180, ML180UH110P60C, 80% AFUE, 110000 BTU, 5 Ton, 1 Stage Heat, Multi-Speed Upflow/Horizontal Gas Furnace",Lennox ML180UH110P60C 1 Stage Heat Furance,Lennox,62W79,ML180UH110P60C,Unit(S),ML180,Merit,110000 Btuh,80% AFUE,Upflow/Horizontal,5 Ton,1 Stage Heat,Multi-Speed,115 VAC 1 Ph 60 Hz,27.75 Inch,21 Inch,33 Inch,161 lbs.,,No,
https://www.lennoxpros.com/ml180uh110p48c-80%25-afue-merit-series-high-efficiency-upflow-horizontal-gas-furnace110000-btuh-4-ton/p/62W78,https://images.lennoxpros.com/is/image/LennoxIntl/62W78?$product_related$,https://images.lennoxpros.com/is/image/LennoxIntl/62W78,Lennox ML180UH110P48C Furnace,"Lennox Merit ML180, ML180UH110P48C, 80% AFUE, 110000 BTU, 4 Ton, 1 Stage Heat, Multi-Speed Upflow/Horizontal Gas Furnace",Lennox ML180UH110P48C 1 Stage Heat Furance,Lennox,62W78,ML180UH110P48C,Unit(S),ML180,Merit,110000 Btuh,80% AFUE,Upflow/Horizontal,4 Ton,1 Stage Heat,Multi-Speed,115 VAC 1 Ph 60 Hz,27.75 Inch,21 Inch,33 Inch,151 lbs.,1-Stage Multi-Speed Horizontal Gas Furnace,No,
https://www.lennoxpros.com/ml180uh110xp60c-80%25-afue-merit-series-high-efficiency-upflow-horizontal-gas-furnace110000-btuh-5-ton-low-nox/p/62W80,https://images.lennoxpros.com/is/image/LennoxIntl/62W80?$product_related$,https://images.lennoxpros.com/is/image/LennoxIntl/62W80,Lennox ML180UH110XP60C Furnace,"Lennox Merit ML180, ML180UH110XP60C, 80% AFUE, 110000 BTU, 5 Ton, 1 Stage Heat, Multi-Speed Upflow/Horizontal Gas Furnace",Lennox ML180UH110XP60C 1 Stage Heat Furance,Lennox,62W80,ML180UH110XP60C,Unit(S),ML180,Merit,110000 Btuh,80% AFUE,Upflow/Horizontal,5 Ton,1 Stage Heat,Multi-Speed,115 VAC 1 Ph 60 Hz,27.75 Inch,21 Inch,33 Inch,161 lbs.,,No,Low NOx
https://www.lennoxpros.com/ml193uh135xp60d-93%25-afue-merit-series-high-efficiency-upflow-horizontal-gas-furnace132000-btuh-5-ton/p/55W45,https://images.lennoxpros.com/is/image/LennoxIntl/55W45?$product_related$,https://images.lennoxpros.com/is/image/LennoxIntl/55W45,Lennox ML193UH135XP60D Furnace,"Lennox Merit ML193, ML193UH135XP60D, 93% AFUE, 132000 BTU, 5 Ton, 1 Stage Heat, Multi-Speed Upflow/Horizontal Gas Furnace",Lennox ML193UH135XP60D 1 Stage Heat Furance,Lennox,55W45,ML193UH135XP60D,Unit(S),ML193,Merit,132000 Btuh,93% AFUE,Upflow/Horizontal,5 Ton,1 Stage Heat,Multi-Speed,115 VAC 1 Ph 60 Hz,27.75 Inch,24.5 Inch,33 Inch,162 lbs.,,No,Low NOx
https://www.lennoxpros.com/ml193df045xp36b-93%25-afue-merit-series-high-efficiency-downflow-gas-furnace44000-btuh-3-ton/p/55W46,https://images.lennoxpros.com/is/image/LennoxIntl/55W46?$product_related$,https://images.lennoxpros.com/is/image/LennoxIntl/55W46,Lennox ML193DF045XP36B Furnace,"Lennox Merit ML193, ML193DF045XP36B, 93% AFUE, 44000 BTU, 3 Ton, 1 Stage Heat, Multi-Speed Downflow Gas Furnace",Lennox ML193DF045XP36B 1 Stage Heat Furance,Lennox,55W46,ML193DF045XP36B,Unit(S),ML193,Merit,44000 Btuh,93% AFUE,Downflow,3 Ton,1 Stage Heat,Multi-Speed,115 VAC 1 Ph 60 Hz,27.75 Inch,17.5 Inch,33 Inch,119 lbs.,,No,Low NOx
https://www.lennoxpros.com/ml193uh070xp36b-93%25-afue-merit-series-high-efficiency-upflow-horizontal-gas-furnace66000-btuh-3-ton/p/55W40,https://images.lennoxpros.com/is/image/LennoxIntl/55W40?$product_related$,https://images.lennoxpros.com/is/image/LennoxIntl/55W40,Lennox ML193UH070XP36B Furnace,"Lennox Merit ML193, ML193UH070XP36B, 93% AFUE, 66000 BTU, 3 Ton, 1 Stage Heat, Multi-Speed Upflow/Horizontal Gas Furnace",Lennox ML193UH070XP36B 1 Stage Heat Furance,Lennox,55W40,ML193UH070XP36B,Unit(S),ML193,Merit,66000 Btuh,93% AFUE,Upflow/Horizontal,3 Ton,1 Stage Heat,Multi-Speed,115 VAC 1 Ph 60 Hz,27.75 Inch,17.5 Inch,33 Inch,128 lbs.,,No,Low NOx
https://www.lennoxpros.com/80af1uh070p12al-80%25-afue-mid-efficiency-upflow-horizontal-gas-furnace70000-btuh-1200-cfm-low-nox/p/78W22,https://images.lennoxpros.com/is/image/LennoxIntl/78W22?$product_related$,https://images.lennoxpros.com/is/image/LennoxIntl/78W22,Aire-Flo 80AF1UH070P12AL Furnace,"Aire-Flo 80AF, 80AF1UH070P12AL, 80% AFUE, 66000 BTU, 3 Ton, 1 Stage Heat, PSC Upflow/Horizontal Gas Furnace",Aire-Flo 80AF1UH070P12AL 1 Stage Heat Furance,Aire-Flo,78W22,80AF1UH070P12AL,Unit(S),80AF,,66000 Btuh,80% AFUE,Upflow/Horizontal,3 Ton,1 Stage Heat,PSC,115 VAC 1 Ph 60 Hz,27.75 Inch,14.5 Inch,33 Inch,119 lbs.,,No,Low NOx
https://www.lennoxpros.com/ml180df045p36a-furnace-gas-45btuh-3ton/p/92W20,https://images.lennoxpros.com/is/image/LennoxIntl/92W20?$product_related$,https://images.lennoxpros.com/is/image/LennoxIntl/92W20,Lennox ML180DF045P36A Furnace,"Lennox Merit ML180, ML180DF045P36A, 80% AFUE, 44000 BTU, 3 Ton, 1 Stage Heat, Multi-Speed Downflow Gas Furnace",Lennox ML180DF045P36A 1 Stage Heat Furance,Lennox,92W20,ML180DF045P36A,Unit(S),ML180,Merit,44000 Btuh,80% AFUE,Downflow,3 Ton,1 Stage Heat,Multi-Speed,115 VAC 1 Ph 60 Hz,27.75 Inch,14.5 Inch,33 Inch,113 lbs.,1-Stage Multi-Speed Downflow Gas Furnace,No,
https://www.lennoxpros.com/ml193uh070xp24b-93%25-afue-merit-series-high-efficiency-upflow-horizontal-gas-furnace66000-btuh-2-ton/p/55W39,https://images.lennoxpros.com/is/image/LennoxIntl/55W39?$product_related$,https://images.lennoxpros.com/is/image/LennoxIntl/55W39,Lennox ML193UH070XP24B Furnace,"Lennox Merit ML193, ML193UH070XP24B, 93% AFUE, 66000 BTU, 2 Ton, 1 Stage Heat, Multi-Speed Upflow/Horizontal Gas Furnace",Lennox ML193UH070XP24B 1 Stage Heat Furance,Lennox,55W39,ML193UH070XP24B,Unit(S),ML193,Merit,66000 Btuh,93% AFUE,Upflow/Horizontal,2 Ton,1 Stage Heat,Multi-Speed,115 VAC 1 Ph 60 Hz,27.75 Inch,17.5 Inch,33 Inch,125 lbs.,,No,Low NOx
https://www.lennoxpros.com/ml193df110xp60c-93%25-afue-merit-series-high-efficiency-downflow-gas-furnace110000-btuh-5-ton/p/55W49,https://images.lennoxpros.com/is/image/LennoxIntl/55W49?$product_related$,https://images.lennoxpros.com/is/image/LennoxIntl/55W49,Lennox ML193DF110XP60C Furnace,"Lennox Merit ML193, ML193DF110XP60C, 93% AFUE, 110000 BTU, 5 Ton, 1 Stage Heat, Multi-Speed Downflow Gas Furnace",Lennox ML193DF110XP60C 1 Stage Heat Furance,Lennox,55W49,ML193DF110XP60C,Unit(S),ML193,Merit,110000 Btuh,93% AFUE,Downflow,5 Ton,1 Stage Heat,Multi-Speed,115 VAC 1 Ph 60 Hz,27.75 Inch,21 Inch,33 Inch,162 lbs.,,No,Low NOx
https://www.lennoxpros.com/lennox-gas-furnace-merit-series-ml196uh070xe48b/p/19V19,https://images.lennoxpros.com/is/image/LennoxIntl/19V19?$product_related$,https://images.lennoxpros.com/is/image/LennoxIntl/19V19,Lennox ML196UH070XE48B Furnace,"Lennox Merit ML196E, ML196UH070XE48B, 96% AFUE, 66000 BTU, 4 Ton, 1 Stage Heat, Constant Torque Upflow/Horizontal Gas Furnace",Lennox ML196UH070XE48B 1 Stage Heat Furance,Lennox,19V19,ML196UH070XE48B,Unit(S),ML196E,Merit,66000 Btuh,96% AFUE,Upflow/Horizontal,4 Ton,1 Stage Heat,Constant Torque,115 VAC 1 Ph 60 Hz,28.75 Inch,17.5 Inch,33 Inch,137 lbs.,,Yes,Low NOx
https://www.lennoxpros.com/el196df070xe48b-96afue-gas-furnace-4-ton/p/16J08,https://images.lennoxpros.com/is/image/LennoxIntl/16J08?$product_related$,https://images.lennoxpros.com/is/image/LennoxIntl/16J08,Lennox EL196DF070XE48B Furnace,"Lennox Elite EL196E, EL196DF070XE48B, 96% AFUE, 66000 BTU, 4 Ton, 1 Stage Heat, Constant Torque Downflow Gas Furnace",Lennox EL196DF070XE48B 1 Stage Heat Furance,Lennox,16J08,EL196DF070XE48B,Unit(S),EL196E,Elite,66000 Btuh,96% AFUE,Downflow,4 Ton,1 Stage Heat,Constant Torque,115 VAC 1 Ph 60 Hz,27.75 Inch,17.5 Inch,33 Inch,143 lbs.,,Yes,Low NOx
https://www.lennoxpros.com/el196df045xe36b-96afue-gas-furnace-3-ton/p/16J07,https://images.lennoxpros.com/is/image/LennoxIntl/16J07?$product_related$,https://images.lennoxpros.com/is/image/LennoxIntl/16J07,Lennox EL196DF045XE36B Furnace,"Lennox Elite EL196E, EL196DF045XE36B, 96% AFUE, 44000 BTU, 3 Ton, 1 Stage Heat, Constant Torque Downflow Gas Furnace",Lennox EL196DF045XE36B 1 Stage Heat Furance,Lennox,16J07,EL196DF045XE36B,Unit(S),EL196E,Elite,44000 Btuh,96% AFUE,Downflow,3 Ton,1 Stage Heat,Constant Torque,115 VAC 1 Ph 60 Hz,27.75 Inch,17.5 Inch,33 Inch,129 lbs.,,Yes,Low NOx
https://www.lennoxpros.com/ml193uh070xe36b-93afue-upflow-horizontal-gas-furnace/p/17A54,https://images.lennoxpros.com/is/image/LennoxIntl/17A54?$product_related$,https://images.lennoxpros.com/is/image/LennoxIntl/17A54,Lennox ML193UH070XE36B Furnace,"Lennox Merit ML193E, ML193UH070XE36B, 93% AFUE, 66000 BTU, 3 Ton, 1 Stage Heat, Constant Torque Upflow/Horizontal Gas Furnace",Lennox ML193UH070XE36B 1 Stage Heat Furance,Lennox,17A54,ML193UH070XE36B,Unit(S),ML193UHE,Merit,66000 Btuh,93% AFUE,Upflow/Horizontal,3 Ton,1 Stage Heat,Constant Torque,115 VAC 1 Ph 60 Hz,27.75 Inch,17.5 Inch,33 Inch,133 lbs.,,Yes (U.S. South),Low NOx
https://www.lennoxpros.com/el195uh100ne60c-95afue-ultra-low-nox-gas-furnace-5-ton/p/15Y73,https://images.lennoxpros.com/is/image/LennoxIntl/15Y73?$product_related$,https://images.lennoxpros.com/is/image/LennoxIntl/15Y73,Lennox EL195UH100NE60C Furnace,"Lennox Elite EL195NE, EL195UH100NE60C, 95% AFUE, 100000 BTU, 5 Ton, 1 Stage Heat, Constant Torque Upflow/Horizontal Gas Furnace",Lennox EL195UH100NE60C 1 Stage Heat Furance,Lennox,15Y73,EL195UH100NE60C,Unit(S),EL195NE,Elite,100000 Btuh,95% AFUE,Upflow/Horizontal,5 Ton,1 Stage Heat,Constant Torque,115 VAC 1 Ph 60 Hz,27.75 Inch,21 Inch,33 Inch,157 lbs.,,Yes,Ultra-Low NOx
https://www.lennoxpros.com/el280uh090e48b-80afue-gas-furnace/p/17D34,https://images.lennoxpros.com/is/image/LennoxIntl/17D34?$product_related$,https://images.lennoxpros.com/is/image/LennoxIntl/17D34,Lennox EL280UH090E48B Furnace,"Lennox Elite EL280E, EL280UH090E48B, 80% AFUE, 88000 BTU, 4 Ton, 2 Stage Heat, Constant Torque Upflow/Horizontal Gas Furnace",Lennox EL280UH090E48B 2 Stage Heat Furance,Lennox,17D34,EL280UH090E48B,Unit(S),EL280E,Elite,88000 Btuh,80% AFUE,Upflow/Horizontal,4 Ton,2 Stage Heat,Constant Torque,115 VAC 1 Ph 60 Hz,27.75 Inch,17.5 Inch,33 Inch,140 lbs.,2 Stage Constant Torque Horizontal Gas Furnace,No,
https://www.lennoxpros.com/el180uh060ne36a-80afue-gas-furnace-60000-btuh-3-ton-ultra-low-nox/p/15F79,https://images.lennoxpros.com/is/image/LennoxIntl/15F79?$product_related$,https://images.lennoxpros.com/is/image/LennoxIntl/15F79,Lennox EL180UH060NE36A Furnace,"Lennox Elite EL180NE, EL180UH060NE36A, 80% AFUE, 60000 BTU, 3 Ton, 1 Stage Heat, Constant Torque Upflow/Horizontal Gas Furnace",Lennox EL180UH060NE36A 1 Stage Heat Furance,Lennox,15F79,EL180UH060NE36A,Unit(S),EL180NE,Elite,60000 Btuh,80% AFUE,Upflow/Horizontal,3 Ton,1 Stage Heat,Constant Torque,115 VAC 1 Ph 60 Hz,27.75 Inch,14.5 Inch,33 Inch,113 lbs.,,No,Ultra-Low NOx
https://www.lennoxpros.com/el296df090xe48c-furnace-gas-90btuh-4t/p/96W33,https://images.lennoxpros.com/is/image/LennoxIntl/96W33?$product_related$,https://images.lennoxpros.com/is/image/LennoxIntl/96W33,Lennox EL296DF090XE48C Furnace,"Lennox Elite EL296E, EL296DF090XE48C, 96% AFUE, 88000 BTU, 4 Ton, 2 Stage Heat, Constant Torque Downflow Gas Furnace",Lennox EL296DF090XE48C 2 Stage Heat Furance,Lennox,96W33,EL296DF090XE48C,Unit(S),EL296E,Elite,88000 Btuh,96% AFUE,Downflow,4 Ton,2 Stage Heat,Constant Torque,115 VAC 1 Ph 60 Hz,27.75 Inch,21 Inch,33 Inch,162 lbs.,,Yes,Low NOx
https://www.lennoxpros.com/el180uh100ne60c-80afue-gas-furnace-100000-btuh-3-5-ton-ultra-low-nox/p/15F81,https://images.lennoxpros.com/is/image/LennoxIntl/15F81?$product_related$,https://images.lennoxpros.com/is/image/LennoxIntl/15F81,Lennox EL180UH100NE60C Furnace,"Lennox Elite EL180NE, EL180UH100NE60C, 80% AFUE, 100000 BTU, 5 Ton, 1 Stage Heat, Constant Torque Upflow/Horizontal Gas Furnace",Lennox EL180UH100NE60C 1 Stage Heat Furance,Lennox,15F81,EL180UH100NE60C,Unit(S),EL180NE,Elite,100000 Btuh,80% AFUE,Upflow/Horizontal,5 Ton,1 Stage Heat,Constant Torque,115 VAC 1 Ph 60 Hz,27.75 Inch,21 Inch,33 Inch,149 lbs.,,No,Ultra-Low NOx
https://www.lennoxpros.com/ml193uh090xp36c-93%25-afue-merit-series-high-efficiency-upflow-horizontal-gas-furnace88000-btuh-3-ton/p/55W41,https://images.lennoxpros.com/is/image/LennoxIntl/55W41?$product_related$,https://images.lennoxpros.com/is/image/LennoxIntl/55W41,Lennox ML193UH090XP36C Furnace,"Lennox Merit ML193, ML193UH090XP36C, 93% AFUE, 88000 BTU, 3 Ton, 1 Stage Heat, Multi-Speed Upflow/Horizontal Gas Furnace",Lennox ML193UH090XP36C 1 Stage Heat Furance,Lennox,55W41,ML193UH090XP36C,Unit(S),ML193,Merit,88000 Btuh,93% AFUE,Upflow/Horizontal,3 Ton,1 Stage Heat,Multi-Speed,115 VAC 1 Ph 60 Hz,27.75 Inch,21 Inch,33 Inch,143 lbs.,,No,Low NOx
https://www.lennoxpros.com/ml296uh070xv36b-96afue-gas-furnace/p/17H11,https://images.lennoxpros.com/is/image/LennoxIntl/17H11?$product_related$,https://images.lennoxpros.com/is/image/LennoxIntl/17H11,Lennox ML296UH070XV36B Furnace,"Lennox Merit ML296V, ML296UH070XV36B, 96% AFUE, 66000 BTU, 3 Ton, 2 Stage Heat, Variable Speed Upflow/Horizontal Gas Furnace",Lennox ML296UH070XV36B 2 Stage Heat Furance,Lennox,17H11,ML296UH070XV36B,Unit(S),ML296V,Merit,66000 Btuh,96% AFUE,Upflow/Horizontal,3 Ton,2 Stage Heat,Variable Speed,115 VAC 1 Ph 60 Hz,27.75 Inch,17.5 Inch,33 Inch,128 lbs.,,Yes,Low NOx
https://www.lennoxpros.com/el296uh090xv48c-furnace-gas-90btuh-4ton/p/62W90,https://images.lennoxpros.com/is/image/LennoxIntl/62W90?$product_related$,https://images.lennoxpros.com/is/image/LennoxIntl/62W90,Lennox EL296UH090XV48C Furnace,"Lennox Elite EL296V, EL296UH090XV48C, 96% AFUE, 88000 BTU, 4 Ton, 2 Stage Heat, Variable Speed Upflow/Horizontal Gas Furnace",Lennox EL296UH090XV48C 2 Stage Heat Furance,Lennox,62W90,EL296UH090XV48C,Unit(S),EL296V,Elite,88000 Btuh,96% AFUE,Upflow/Horizontal,4 Ton,2 Stage Heat,Variable Speed,115 VAC 1 Ph 60 Hz,27.75 Inch,21 Inch,33 Inch,155 lbs.,,Yes,Low NOx
https://www.lennoxpros.com/el195uh080ne48c-95afue-ultra-low-nox-gas-furnace-4-ton/p/15Y72,https://images.lennoxpros.com/is/image/LennoxIntl/15Y72?$product_related$,https://images.lennoxpros.com/is/image/LennoxIntl/15Y72,Lennox EL195UH080NE48C Furnace,"Lennox Elite EL195NE, EL195UH080NE48C, 95% AFUE, 80000 BTU, 4 Ton, 1 Stage Heat, Constant Torque Upflow/Horizontal Gas Furnace",Lennox EL195UH080NE48C 1 Stage Heat Furance,Lennox,15Y72,EL195UH080NE48C,Unit(S),EL195NE,Elite,80000 Btuh,95% AFUE,Upflow/Horizontal,4 Ton,1 Stage Heat,Constant Torque,115 VAC 1 Ph 60 Hz,27.75 Inch,21 Inch,33 Inch,148 lbs.,,Yes,Ultra-Low NOx
https://www.lennoxpros.com/ml180uh070v48b-gas-furnace/p/17Y70,https://images.lennoxpros.com/is/image/LennoxIntl/17Y70?$product_related$,https://images.lennoxpros.com/is/image/LennoxIntl/17Y70,Lennox ML180UH070V48B Furnace,"Lennox Merit ML180V, ML180UH070V48B, 80% AFUE, 66000 BTU, 4 Ton, 1 Stage Heat, Variable Speed Upflow/Horizontal Gas Furnace",Lennox ML180UH070V48B 1 Stage Heat Furance,Lennox,17Y70,ML180UH070V48B,Unit(S),ML180V,Merit,66000 Btuh,80% AFUE,Upflow/Horizontal,4 Ton,1 Stage Heat,Variable Speed,115 VAC 1 Ph 60 Hz,27.75 Inch,17.5 Inch,33 Inch,126 lbs.,1-Stage Variable Speed Horizontal Gas Furnace,No,
https://www.lennoxpros.com/el195uh060ne36b-95afue-ultra-low-nox-gas-furnace-3-ton/p/15Y71,https://images.lennoxpros.com/is/image/LennoxIntl/15Y71?$product_related$,https://images.lennoxpros.com/is/image/LennoxIntl/15Y71,Lennox EL195UH060NE36B Furnace,"Lennox Elite EL195NE, EL195UH060NE36B, 95% AFUE, 60000 BTU, 3 Ton, 1 Stage Heat, Constant Torque Upflow/Horizontal Gas Furnace",Lennox EL195UH060NE36B 1 Stage Heat Furance,Lennox,15Y71,EL195UH060NE36B,Unit(S),EL195NE,Elite,60000 Btuh,95% AFUE,Upflow/Horizontal,3 Ton,1 Stage Heat,Constant Torque,115 VAC 1 Ph 60 Hz,27.75 Inch,17.5 Inch,33 Inch,128 lbs.,,Yes,Ultra-Low NOx
https://www.lennoxpros.com/el296df045xe36b-furnace-gas-45btuh-3t/p/96W31,https://images.lennoxpros.com/is/image/LennoxIntl/96W31?$product_related$,https://images.lennoxpros.com/is/image/LennoxIntl/96W31,Lennox EL296DF045XE36B Furnace,"Lennox Elite EL296E, EL296DF045XE36B, 96% AFUE, 44000 BTU, 3 Ton, 2 Stage Heat, Constant Torque Downflow Gas Furnace",Lennox EL296DF045XE36B 2 Stage Heat Furance,Lennox,96W31,EL296DF045XE36B,Unit(S),EL296E,Elite,44000 Btuh,96% AFUE,Downflow,3 Ton,2 Stage Heat,Constant Torque,115 VAC 1 Ph 60 Hz,27.75 Inch,17.5 Inch,33 Inch,131 lbs.,,Yes,Low NOx
